--
-- PostgreSQL database dump
--

-- Dumped from database version 14.18 (Ubuntu 14.18-0ubuntu0.22.04.1)
-- Dumped by pg_dump version 16.9 (Ubuntu 16.9-1.pgdg22.04+1)

SET statement_timeout = 0;
SET lock_timeout = 0;
SET idle_in_transaction_session_timeout = 0;
SET client_encoding = 'UTF8';
SET standard_conforming_strings = on;
SELECT pg_catalog.set_config('search_path', '', false);
SET check_function_bodies = false;
SET xmloption = content;
SET client_min_messages = warning;
SET row_security = off;

--
-- Name: public; Type: SCHEMA; Schema: -; Owner: postgres
--

-- *not* creating schema, since initdb creates it


ALTER SCHEMA public OWNER TO postgres;

SET default_tablespace = '';

SET default_table_access_method = heap;

--
-- Name: auth_group; Type: TABLE; Schema: public; Owner: billinguser
--

CREATE TABLE public.auth_group (
    id integer NOT NULL,
    name character varying(150) NOT NULL
);


ALTER TABLE public.auth_group OWNER TO billinguser;

--
-- Name: auth_group_id_seq; Type: SEQUENCE; Schema: public; Owner: billinguser
--

ALTER TABLE public.auth_group ALTER COLUMN id ADD GENERATED BY DEFAULT AS IDENTITY (
    SEQUENCE NAME public.auth_group_id_seq
    START WITH 1
    INCREMENT BY 1
    NO MINVALUE
    NO MAXVALUE
    CACHE 1
);


--
-- Name: auth_group_permissions; Type: TABLE; Schema: public; Owner: billinguser
--

CREATE TABLE public.auth_group_permissions (
    id bigint NOT NULL,
    group_id integer NOT NULL,
    permission_id integer NOT NULL
);


ALTER TABLE public.auth_group_permissions OWNER TO billinguser;

--
-- Name: auth_group_permissions_id_seq; Type: SEQUENCE; Schema: public; Owner: billinguser
--

ALTER TABLE public.auth_group_permissions ALTER COLUMN id ADD GENERATED BY DEFAULT AS IDENTITY (
    SEQUENCE NAME public.auth_group_permissions_id_seq
    START WITH 1
    INCREMENT BY 1
    NO MINVALUE
    NO MAXVALUE
    CACHE 1
);


--
-- Name: auth_permission; Type: TABLE; Schema: public; Owner: billinguser
--

CREATE TABLE public.auth_permission (
    id integer NOT NULL,
    name character varying(255) NOT NULL,
    content_type_id integer NOT NULL,
    codename character varying(100) NOT NULL
);


ALTER TABLE public.auth_permission OWNER TO billinguser;

--
-- Name: auth_permission_id_seq; Type: SEQUENCE; Schema: public; Owner: billinguser
--

ALTER TABLE public.auth_permission ALTER COLUMN id ADD GENERATED BY DEFAULT AS IDENTITY (
    SEQUENCE NAME public.auth_permission_id_seq
    START WITH 1
    INCREMENT BY 1
    NO MINVALUE
    NO MAXVALUE
    CACHE 1
);


--
-- Name: auth_user; Type: TABLE; Schema: public; Owner: billinguser
--

CREATE TABLE public.auth_user (
    id integer NOT NULL,
    password character varying(128) NOT NULL,
    last_login timestamp with time zone,
    is_superuser boolean NOT NULL,
    username character varying(150) NOT NULL,
    first_name character varying(150) NOT NULL,
    last_name character varying(150) NOT NULL,
    email character varying(254) NOT NULL,
    is_staff boolean NOT NULL,
    is_active boolean NOT NULL,
    date_joined timestamp with time zone NOT NULL
);


ALTER TABLE public.auth_user OWNER TO billinguser;

--
-- Name: auth_user_groups; Type: TABLE; Schema: public; Owner: billinguser
--

CREATE TABLE public.auth_user_groups (
    id bigint NOT NULL,
    user_id integer NOT NULL,
    group_id integer NOT NULL
);


ALTER TABLE public.auth_user_groups OWNER TO billinguser;

--
-- Name: auth_user_groups_id_seq; Type: SEQUENCE; Schema: public; Owner: billinguser
--

ALTER TABLE public.auth_user_groups ALTER COLUMN id ADD GENERATED BY DEFAULT AS IDENTITY (
    SEQUENCE NAME public.auth_user_groups_id_seq
    START WITH 1
    INCREMENT BY 1
    NO MINVALUE
    NO MAXVALUE
    CACHE 1
);


--
-- Name: auth_user_id_seq; Type: SEQUENCE; Schema: public; Owner: billinguser
--

ALTER TABLE public.auth_user ALTER COLUMN id ADD GENERATED BY DEFAULT AS IDENTITY (
    SEQUENCE NAME public.auth_user_id_seq
    START WITH 1
    INCREMENT BY 1
    NO MINVALUE
    NO MAXVALUE
    CACHE 1
);


--
-- Name: auth_user_user_permissions; Type: TABLE; Schema: public; Owner: billinguser
--

CREATE TABLE public.auth_user_user_permissions (
    id bigint NOT NULL,
    user_id integer NOT NULL,
    permission_id integer NOT NULL
);


ALTER TABLE public.auth_user_user_permissions OWNER TO billinguser;

--
-- Name: auth_user_user_permissions_id_seq; Type: SEQUENCE; Schema: public; Owner: billinguser
--

ALTER TABLE public.auth_user_user_permissions ALTER COLUMN id ADD GENERATED BY DEFAULT AS IDENTITY (
    SEQUENCE NAME public.auth_user_user_permissions_id_seq
    START WITH 1
    INCREMENT BY 1
    NO MINVALUE
    NO MAXVALUE
    CACHE 1
);


--
-- Name: django_admin_log; Type: TABLE; Schema: public; Owner: billinguser
--

CREATE TABLE public.django_admin_log (
    id integer NOT NULL,
    action_time timestamp with time zone NOT NULL,
    object_id text,
    object_repr character varying(200) NOT NULL,
    action_flag smallint NOT NULL,
    change_message text NOT NULL,
    content_type_id integer,
    user_id integer NOT NULL,
    CONSTRAINT django_admin_log_action_flag_check CHECK ((action_flag >= 0))
);


ALTER TABLE public.django_admin_log OWNER TO billinguser;

--
-- Name: django_admin_log_id_seq; Type: SEQUENCE; Schema: public; Owner: billinguser
--

ALTER TABLE public.django_admin_log ALTER COLUMN id ADD GENERATED BY DEFAULT AS IDENTITY (
    SEQUENCE NAME public.django_admin_log_id_seq
    START WITH 1
    INCREMENT BY 1
    NO MINVALUE
    NO MAXVALUE
    CACHE 1
);


--
-- Name: django_content_type; Type: TABLE; Schema: public; Owner: billinguser
--

CREATE TABLE public.django_content_type (
    id integer NOT NULL,
    app_label character varying(100) NOT NULL,
    model character varying(100) NOT NULL
);


ALTER TABLE public.django_content_type OWNER TO billinguser;

--
-- Name: django_content_type_id_seq; Type: SEQUENCE; Schema: public; Owner: billinguser
--

ALTER TABLE public.django_content_type ALTER COLUMN id ADD GENERATED BY DEFAULT AS IDENTITY (
    SEQUENCE NAME public.django_content_type_id_seq
    START WITH 1
    INCREMENT BY 1
    NO MINVALUE
    NO MAXVALUE
    CACHE 1
);


--
-- Name: django_migrations; Type: TABLE; Schema: public; Owner: billinguser
--

CREATE TABLE public.django_migrations (
    id bigint NOT NULL,
    app character varying(255) NOT NULL,
    name character varying(255) NOT NULL,
    applied timestamp with time zone NOT NULL
);


ALTER TABLE public.django_migrations OWNER TO billinguser;

--
-- Name: django_migrations_id_seq; Type: SEQUENCE; Schema: public; Owner: billinguser
--

ALTER TABLE public.django_migrations ALTER COLUMN id ADD GENERATED BY DEFAULT AS IDENTITY (
    SEQUENCE NAME public.django_migrations_id_seq
    START WITH 1
    INCREMENT BY 1
    NO MINVALUE
    NO MAXVALUE
    CACHE 1
);


--
-- Name: django_session; Type: TABLE; Schema: public; Owner: billinguser
--

CREATE TABLE public.django_session (
    session_key character varying(40) NOT NULL,
    session_data text NOT NULL,
    expire_date timestamp with time zone NOT NULL
);


ALTER TABLE public.django_session OWNER TO billinguser;

--
-- Name: projects_customproject; Type: TABLE; Schema: public; Owner: billinguser
--

CREATE TABLE public.projects_customproject (
    id bigint NOT NULL,
    name character varying(200) NOT NULL,
    client_name character varying(200) NOT NULL
);


ALTER TABLE public.projects_customproject OWNER TO billinguser;

--
-- Name: projects_customproject_id_seq; Type: SEQUENCE; Schema: public; Owner: billinguser
--

ALTER TABLE public.projects_customproject ALTER COLUMN id ADD GENERATED BY DEFAULT AS IDENTITY (
    SEQUENCE NAME public.projects_customproject_id_seq
    START WITH 1
    INCREMENT BY 1
    NO MINVALUE
    NO MAXVALUE
    CACHE 1
);


--
-- Name: projects_dailyexpense; Type: TABLE; Schema: public; Owner: billinguser
--

CREATE TABLE public.projects_dailyexpense (
    id bigint NOT NULL,
    description text NOT NULL,
    amount numeric(10,2) NOT NULL,
    project_id bigint NOT NULL,
    date date,
    category character varying(100) NOT NULL,
    remark text
);


ALTER TABLE public.projects_dailyexpense OWNER TO billinguser;

--
-- Name: projects_dailyexpense_id_seq; Type: SEQUENCE; Schema: public; Owner: billinguser
--

ALTER TABLE public.projects_dailyexpense ALTER COLUMN id ADD GENERATED BY DEFAULT AS IDENTITY (
    SEQUENCE NAME public.projects_dailyexpense_id_seq
    START WITH 1
    INCREMENT BY 1
    NO MINVALUE
    NO MAXVALUE
    CACHE 1
);


--
-- Name: projects_expense; Type: TABLE; Schema: public; Owner: billinguser
--

CREATE TABLE public.projects_expense (
    id bigint NOT NULL,
    description character varying(200) NOT NULL,
    amount numeric(10,2) NOT NULL,
    project_id bigint NOT NULL,
    area numeric(10,2) NOT NULL,
    rate numeric(10,2) NOT NULL,
    note text,
    date date,
    unit character varying(50)
);


ALTER TABLE public.projects_expense OWNER TO billinguser;

--
-- Name: projects_expense_id_seq; Type: SEQUENCE; Schema: public; Owner: billinguser
--

ALTER TABLE public.projects_expense ALTER COLUMN id ADD GENERATED BY DEFAULT AS IDENTITY (
    SEQUENCE NAME public.projects_expense_id_seq
    START WITH 1
    INCREMENT BY 1
    NO MINVALUE
    NO MAXVALUE
    CACHE 1
);


--
-- Name: projects_payment; Type: TABLE; Schema: public; Owner: billinguser
--

CREATE TABLE public.projects_payment (
    id bigint NOT NULL,
    date date NOT NULL,
    amount double precision NOT NULL,
    payment_mode character varying(50) NOT NULL,
    project_id bigint NOT NULL
);


ALTER TABLE public.projects_payment OWNER TO billinguser;

--
-- Name: projects_payment_id_seq; Type: SEQUENCE; Schema: public; Owner: billinguser
--

ALTER TABLE public.projects_payment ALTER COLUMN id ADD GENERATED BY DEFAULT AS IDENTITY (
    SEQUENCE NAME public.projects_payment_id_seq
    START WITH 1
    INCREMENT BY 1
    NO MINVALUE
    NO MAXVALUE
    CACHE 1
);


--
-- Name: projects_project; Type: TABLE; Schema: public; Owner: billinguser
--

CREATE TABLE public.projects_project (
    id bigint NOT NULL,
    name character varying(200) NOT NULL,
    client_name character varying(200) NOT NULL,
    budget numeric(10,2) NOT NULL,
    amount_paid_in_project numeric(10,2) NOT NULL,
    estimated_cost numeric(10,2) NOT NULL,
    phone character varying(15) NOT NULL,
    status character varying(20) NOT NULL
);


ALTER TABLE public.projects_project OWNER TO billinguser;

--
-- Name: projects_project_id_seq; Type: SEQUENCE; Schema: public; Owner: billinguser
--

ALTER TABLE public.projects_project ALTER COLUMN id ADD GENERATED BY DEFAULT AS IDENTITY (
    SEQUENCE NAME public.projects_project_id_seq
    START WITH 1
    INCREMENT BY 1
    NO MINVALUE
    NO MAXVALUE
    CACHE 1
);


--
-- Name: projects_siteimage; Type: TABLE; Schema: public; Owner: billinguser
--

CREATE TABLE public.projects_siteimage (
    id bigint NOT NULL,
    image character varying(100),
    description text,
    project_id bigint NOT NULL,
    uploaded_at timestamp with time zone NOT NULL
);


ALTER TABLE public.projects_siteimage OWNER TO billinguser;

--
-- Name: projects_siteimage_id_seq; Type: SEQUENCE; Schema: public; Owner: billinguser
--

ALTER TABLE public.projects_siteimage ALTER COLUMN id ADD GENERATED BY DEFAULT AS IDENTITY (
    SEQUENCE NAME public.projects_siteimage_id_seq
    START WITH 1
    INCREMENT BY 1
    NO MINVALUE
    NO MAXVALUE
    CACHE 1
);


--
-- Data for Name: auth_group; Type: TABLE DATA; Schema: public; Owner: billinguser
--

COPY public.auth_group (id, name) FROM stdin;
\.


--
-- Data for Name: auth_group_permissions; Type: TABLE DATA; Schema: public; Owner: billinguser
--

COPY public.auth_group_permissions (id, group_id, permission_id) FROM stdin;
\.


--
-- Data for Name: auth_permission; Type: TABLE DATA; Schema: public; Owner: billinguser
--

COPY public.auth_permission (id, name, content_type_id, codename) FROM stdin;
1	Can add log entry	1	add_logentry
2	Can change log entry	1	change_logentry
3	Can delete log entry	1	delete_logentry
4	Can view log entry	1	view_logentry
5	Can add permission	2	add_permission
6	Can change permission	2	change_permission
7	Can delete permission	2	delete_permission
8	Can view permission	2	view_permission
9	Can add group	3	add_group
10	Can change group	3	change_group
11	Can delete group	3	delete_group
12	Can view group	3	view_group
13	Can add user	4	add_user
14	Can change user	4	change_user
15	Can delete user	4	delete_user
16	Can view user	4	view_user
17	Can add content type	5	add_contenttype
18	Can change content type	5	change_contenttype
19	Can delete content type	5	delete_contenttype
20	Can view content type	5	view_contenttype
21	Can add session	6	add_session
22	Can change session	6	change_session
23	Can delete session	6	delete_session
24	Can view session	6	view_session
25	Can add project	7	add_project
26	Can change project	7	change_project
27	Can delete project	7	delete_project
28	Can view project	7	view_project
29	Can add expense	8	add_expense
30	Can change expense	8	change_expense
31	Can delete expense	8	delete_expense
32	Can view expense	8	view_expense
33	Can add payment	9	add_payment
34	Can change payment	9	change_payment
35	Can delete payment	9	delete_payment
36	Can view payment	9	view_payment
37	Can add daily expense	10	add_dailyexpense
38	Can change daily expense	10	change_dailyexpense
39	Can delete daily expense	10	delete_dailyexpense
40	Can view daily expense	10	view_dailyexpense
41	Can add custom project	11	add_customproject
42	Can change custom project	11	change_customproject
43	Can delete custom project	11	delete_customproject
44	Can view custom project	11	view_customproject
45	Can add site image	12	add_siteimage
46	Can change site image	12	change_siteimage
47	Can delete site image	12	delete_siteimage
48	Can view site image	12	view_siteimage
\.


--
-- Data for Name: auth_user; Type: TABLE DATA; Schema: public; Owner: billinguser
--

COPY public.auth_user (id, password, last_login, is_superuser, username, first_name, last_name, email, is_staff, is_active, date_joined) FROM stdin;
1	pbkdf2_sha256$1000000$K2yq4C6ARra35X9ELyYwrW$s11Qtd9iKO1tslQHvh29H5vlix/7LAcwah7yVWV22hM=	2025-07-12 00:40:06.009579+00	t	admin			admin@example.com	t	t	2025-05-31 07:02:27.63744+00
\.


--
-- Data for Name: auth_user_groups; Type: TABLE DATA; Schema: public; Owner: billinguser
--

COPY public.auth_user_groups (id, user_id, group_id) FROM stdin;
\.


--
-- Data for Name: auth_user_user_permissions; Type: TABLE DATA; Schema: public; Owner: billinguser
--

COPY public.auth_user_user_permissions (id, user_id, permission_id) FROM stdin;
\.


--
-- Data for Name: django_admin_log; Type: TABLE DATA; Schema: public; Owner: billinguser
--

COPY public.django_admin_log (id, action_time, object_id, object_repr, action_flag, change_message, content_type_id, user_id) FROM stdin;
1	2025-06-04 11:48:47.525756+00	1	PROJECT 1	3		7	1
2	2025-06-04 11:49:05.675126+00	3	PR08	3		7	1
3	2025-06-05 05:04:50.263992+00	2	PR-01	3		7	1
4	2025-06-16 10:45:43.264432+00	3	Image for vivek	3		12	1
5	2025-06-16 10:45:43.264487+00	1	Image for vivek	3		12	1
6	2025-06-16 10:46:08.476599+00	2	Image for vivek	3		12	1
7	2025-07-04 12:13:31.174015+00	5	Image for vivek	3		12	1
8	2025-07-04 12:13:31.174047+00	4	Image for vivek	3		12	1
9	2025-07-04 12:46:28.544717+00	6	Image for vivek	2	[{"changed": {"fields": ["Image"]}}]	12	1
10	2025-07-07 11:58:36.240594+00	8	Image for vivek	2	[{"changed": {"fields": ["Image"]}}]	12	1
11	2025-07-07 12:05:35.703014+00	8	Image for vivek	2	[{"changed": {"fields": ["Image"]}}]	12	1
12	2025-07-07 12:07:39.401037+00	8	Image for vivek	3		12	1
13	2025-07-07 12:07:39.401096+00	7	Image for vivek	3		12	1
14	2025-07-07 12:07:39.401115+00	6	Image for vivek	3		12	1
15	2025-07-07 12:38:52.179397+00	9	Image for vivek	2	[{"changed": {"fields": ["Image"]}}]	12	1
16	2025-07-07 12:39:28.986915+00	9	Image for vivek	2	[{"changed": {"fields": ["Image"]}}]	12	1
17	2025-07-07 12:44:53.374796+00	9	Image for vivek	2	[{"changed": {"fields": ["Image"]}}]	12	1
18	2025-07-07 13:25:16.119146+00	9	Image for vivek	2	[{"changed": {"fields": ["Image"]}}]	12	1
19	2025-07-07 13:28:08.219746+00	11	Image for vivek	2	[{"changed": {"fields": ["Image"]}}]	12	1
20	2025-07-08 10:40:33.380925+00	12	Image for vivek	2	[{"changed": {"fields": ["Image"]}}]	12	1
21	2025-07-08 10:41:06.94773+00	11	Image for vivek	2	[{"changed": {"fields": ["Image"]}}]	12	1
22	2025-07-08 10:41:14.213113+00	10	Image for vivek	3		12	1
23	2025-07-08 10:41:14.21316+00	9	Image for vivek	3		12	1
24	2025-07-08 10:46:39.3799+00	12	Image for vivek	2	[{"changed": {"fields": ["Description"]}}]	12	1
25	2025-07-10 06:04:26.961308+00	12	Image for vivek	3		12	1
26	2025-07-10 06:20:31.827934+00	11	Image for vivek	3		12	1
27	2025-07-10 06:22:40.838736+00	13	Image for vivek	3		12	1
28	2025-07-10 06:24:26.691444+00	14	Image for vivek	3		12	1
29	2025-07-10 06:25:00.733077+00	15	Image for vivek	3		12	1
30	2025-07-11 05:45:22.473223+00	17	Image for Mr.Surender	2	[{"changed": {"fields": ["Description"]}}]	12	1
31	2025-07-11 05:45:29.610723+00	16	Image for Mr.Surender	2	[{"changed": {"fields": ["Description"]}}]	12	1
32	2025-07-11 06:09:04.049384+00	4	PR -00	2	[{"changed": {"fields": ["Name"]}}]	7	1
33	2025-07-11 06:25:12.287873+00	19	Image for Mr.Appadurai	2	[{"changed": {"fields": ["Description"]}}]	12	1
34	2025-07-11 06:25:16.493246+00	19	Image for Mr.Appadurai	2	[]	12	1
35	2025-07-11 06:25:20.689255+00	20	Image for Mr.Appadurai	2	[{"changed": {"fields": ["Description"]}}]	12	1
\.


--
-- Data for Name: django_content_type; Type: TABLE DATA; Schema: public; Owner: billinguser
--

COPY public.django_content_type (id, app_label, model) FROM stdin;
1	admin	logentry
2	auth	permission
3	auth	group
4	auth	user
5	contenttypes	contenttype
6	sessions	session
7	projects	project
8	projects	expense
9	projects	payment
10	projects	dailyexpense
11	projects	customproject
12	projects	siteimage
\.


--
-- Data for Name: django_migrations; Type: TABLE DATA; Schema: public; Owner: billinguser
--

COPY public.django_migrations (id, app, name, applied) FROM stdin;
1	contenttypes	0001_initial	2025-05-30 14:34:40.081765+00
2	auth	0001_initial	2025-05-30 14:34:41.098448+00
3	admin	0001_initial	2025-05-30 14:34:41.369142+00
4	admin	0002_logentry_remove_auto_add	2025-05-30 14:34:41.404162+00
5	admin	0003_logentry_add_action_flag_choices	2025-05-30 14:34:41.498831+00
6	contenttypes	0002_remove_content_type_name	2025-05-30 14:34:41.779727+00
7	auth	0002_alter_permission_name_max_length	2025-05-30 14:34:41.903824+00
8	auth	0003_alter_user_email_max_length	2025-05-30 14:34:42.03787+00
9	auth	0004_alter_user_username_opts	2025-05-30 14:34:42.111+00
10	auth	0005_alter_user_last_login_null	2025-05-30 14:34:42.269617+00
11	auth	0006_require_contenttypes_0002	2025-05-30 14:34:42.334673+00
12	auth	0007_alter_validators_add_error_messages	2025-05-30 14:34:42.42861+00
13	auth	0008_alter_user_username_max_length	2025-05-30 14:34:42.590409+00
14	auth	0009_alter_user_last_name_max_length	2025-05-30 14:34:42.717446+00
15	auth	0010_alter_group_name_max_length	2025-05-30 14:34:42.847929+00
16	auth	0011_update_proxy_permissions	2025-05-30 14:34:42.912486+00
17	auth	0012_alter_user_first_name_max_length	2025-05-30 14:34:43.063988+00
18	projects	0001_initial	2025-05-30 14:34:43.317151+00
19	projects	0002_expense_area_expense_rate	2025-05-30 14:34:43.519787+00
20	projects	0003_payment	2025-05-30 14:34:43.74646+00
21	projects	0004_expense_note	2025-05-30 14:34:43.848244+00
22	projects	0005_alter_payment_project	2025-05-30 14:34:43.910735+00
23	projects	0006_dailyexpense	2025-05-30 14:34:44.166475+00
24	projects	0007_expense_date	2025-05-30 14:34:44.300081+00
25	projects	0008_alter_expense_date	2025-05-30 14:34:44.43067+00
26	projects	0009_dailyexpense_date	2025-05-30 14:34:44.560124+00
27	projects	0010_customproject	2025-05-30 14:34:44.687247+00
28	projects	0011_project_custom_project	2025-05-30 14:34:44.814071+00
29	projects	0012_remove_project_custom_project	2025-05-30 14:34:45.045825+00
30	projects	0013_alter_dailyexpense_project	2025-05-30 14:34:45.288165+00
31	projects	0014_user_alter_dailyexpense_project	2025-05-30 14:34:45.740142+00
32	projects	0015_userprofile_project_user	2025-05-30 14:34:46.036795+00
33	projects	0016_alter_project_user_delete_userprofile	2025-05-30 14:34:46.255375+00
34	projects	0017_remove_project_user_project_phone_delete_user	2025-05-30 14:34:46.663732+00
35	projects	0018_project_status	2025-05-30 14:34:46.786718+00
36	projects	0019_dailyexpense_category_alter_dailyexpense_amount_and_more	2025-05-30 14:34:46.980566+00
37	projects	0020_expensedaily	2025-05-30 14:34:47.113377+00
38	projects	0021_delete_expensedaily_dailyexpense_remark	2025-05-30 14:34:47.285919+00
39	sessions	0001_initial	2025-05-30 14:34:47.525597+00
40	projects	0022_expense_unit	2025-06-04 10:16:28.435783+00
41	projects	0023_siteimage	2025-06-10 08:05:51.414551+00
42	projects	0023_alter_project_name	2025-06-10 08:09:33.18039+00
43	projects	0024_alter_project_name	2025-06-10 08:09:33.445171+00
44	projects	0025_alter_project_name	2025-06-10 08:09:33.636159+00
45	projects	0026_alter_project_name	2025-06-10 08:09:33.884492+00
46	projects	0027_siteimage	2025-06-10 08:15:31.852556+00
47	projects	0028_remove_siteimage_client_name_and_more	2025-06-10 08:15:32.104842+00
48	projects	0029_remove_siteimage_date_uploaded_siteimage_uploaded_at_and_more	2025-06-10 08:15:32.331139+00
49	projects	0030_alter_siteimage_image	2025-06-10 08:15:32.527825+00
50	projects	0031_alter_siteimage_image	2025-07-04 11:47:44.089522+00
\.


--
-- Data for Name: django_session; Type: TABLE DATA; Schema: public; Owner: billinguser
--

COPY public.django_session (session_key, session_data, expire_date) FROM stdin;
149eqpw4s40o7nzfgfs5t3553cokttnf	.eJxVjDsOwyAQRO9CHaEAxktcps8Z0LK7tskHJH-qKHePLblImilm3ry3irguY1xnmWJm1SmjTr9dQnpI2Qe-YxmqplqWKSe9I_pYZ32rLM_rwf4JRpzH7e0I2aeA3hroHW55sY1vEIRsI0DBMJzblkIQSGQRewJDicA716JNmxT5lUt81mEQjrmobplW-XwBT99AoA:1uMkii:vezCt3gJ4urkVb0-QDZ-lRf2p69jmlaHlxljKZXAndw	2025-06-04 09:52:40.640025+00
956sn65nt2tfhc8j5itluc0skfl9qrjn	.eJxVjDsOwyAQRO9CHaEAxktcps8Z0LK7tskHJH-qKHePLblImilm3ry3irguY1xnmWJm1SmjTr9dQnpI2Qe-YxmqplqWKSe9I_pYZ32rLM_rwf4JRpzH7e0I2aeA3hroHW55sY1vEIRsI0DBMJzblkIQSGQRewJDicA716JNmxT5lUt81mEQjrmobplW-XwBT99AoA:1uLHiC:jsjqPwCMzVJpjuNmLc0Y6EUPQyFlpcciplY2P8HOwoI	2025-05-31 08:42:04.022877+00
kr70fotnq816dm00q2bjlidk7kuwyl5d	.eJxVjDsOwyAQRO9CHaEAxktcps8Z0LK7tskHJH-qKHePLblImilm3ry3irguY1xnmWJm1SmjTr9dQnpI2Qe-YxmqplqWKSe9I_pYZ32rLM_rwf4JRpzH7e0I2aeA3hroHW55sY1vEIRsI0DBMJzblkIQSGQRewJDicA716JNmxT5lUt81mEQjrmobplW-XwBT99AoA:1uLMTT:Oh2qmYdB8flKgv5cpuo70NhMuglcus7Q0-qcMPHggCE	2025-05-31 13:47:11.538579+00
gqyikt3s44yb753fjce5vzh7vcmf7q7d	eyJjbGllbnRfcHJvamVjdF9pZCI6MX0:1uMlob:LiZvxdhPLHOdwWWabrKtGdqdbeuYhhEFeEwpPhUYLcs	2025-06-04 11:02:49.034453+00
r3g6cdiwg7alt3eus99i7es1kopxd8fe	.eJxVjDsOwyAQRO9CHaEAxktcps8Z0LK7tskHJH-qKHePLblImilm3ry3irguY1xnmWJm1SmjTr9dQnpI2Qe-YxmqplqWKSe9I_pYZ32rLM_rwf4JRpzH7e0I2aeA3hroHW55sY1vEIRsI0DBMJzblkIQSGQRewJDicA716JNmxT5lUt81mEQjrmobplW-XwBT99AoA:1uLGGV:_BZreuIMYHfAEIMAFHZSE_4WlGvUOlMaU5R3K0wd9hM	2025-05-31 07:09:23.797949+00
orrkxbimy2yknkhsut5kcvzhls7wyzbz	eyJjbGllbnRfcHJvamVjdF9pZCI6NH0:1uNkzz:FvOO119ztQZKzWBElBnAwBilsOujKfMplx09376eBOk	2025-06-07 04:22:39.591626+00
8f3cai7zg37vfm1f6fbpfe777w4l1sgy	eyJjbGllbnRfcHJvamVjdF9pZCI6Mn0:1uLNT5:hy1kTKmm4Shlghe3u3WojaPvYR7e87gopoFFQvM_pWk	2025-05-31 14:50:51.114032+00
ie1xp5ej8afunp72vls5e1m9r1o5x9gk	.eJxVjDsOwyAQRO9CHaEAxktcps8Z0LK7tskHJH-qKHePLblImilm3ry3irguY1xnmWJm1SmjTr9dQnpI2Qe-YxmqplqWKSe9I_pYZ32rLM_rwf4JRpzH7e0I2aeA3hroHW55sY1vEIRsI0DBMJzblkIQSGQRewJDicA716JNmxT5lUt81mEQjrmobplW-XwBT99AoA:1uLHqD:X9IjvZEFcekkO7HxEQ-B-lLQCnGjHj44LZkCrO2MQGU	2025-05-31 08:50:21.49975+00
affpoozj0dx7ob5tmuwr5u6wvrzyqghn	.eJxVjDsOwyAQRO9CHaEAxktcps8Z0LK7tskHJH-qKHePLblImilm3ry3irguY1xnmWJm1SmjTr9dQnpI2Qe-YxmqplqWKSe9I_pYZ32rLM_rwf4JRpzH7e0I2aeA3hroHW55sY1vEIRsI0DBMJzblkIQSGQRewJDicA716JNmxT5lUt81mEQjrmobplW-XwBT99AoA:1uMkit:xmOxeqtL1oy5Ncg9p59IMe4rgWWzPNrh_lS9thcJ83U	2025-06-04 09:52:51.072815+00
qu9greub6baqc9vz8jeowvsg5wifoz7i	.eJxVjDsOwyAQRO9CHaEAxktcps8Z0LK7tskHJH-qKHePLblImilm3ry3irguY1xnmWJm1SmjTr9dQnpI2Qe-YxmqplqWKSe9I_pYZ32rLM_rwf4JRpzH7e0I2aeA3hroHW55sY1vEIRsI0DBMJzblkIQSGQRewJDicA716JNmxT5lUt81mEQjrmobplW-XwBT99AoA:1uLNqe:mzmUu-it1qV5puAdQBdZmoKqr1yEEaZBbVM5DbEmIbA	2025-05-31 15:15:12.644612+00
mt0x1j9xpiw56wvptfpdm8dybamu86pk	.eJxVjDsOwyAQRO9CHaEAxktcps8Z0LK7tskHJH-qKHePLblImilm3ry3irguY1xnmWJm1SmjTr9dQnpI2Qe-YxmqplqWKSe9I_pYZ32rLM_rwf4JRpzH7e0I2aeA3hroHW55sY1vEIRsI0DBMJzblkIQSGQRewJDicA716JNmxT5lUt81mEQjrmobplW-XwBT99AoA:1uLHxY:2arMRhezUzMQLNezELWE9as0eJiGDZvhpYZne1RVVVk	2025-05-31 08:57:56.902418+00
qqv185ki0r8em7ih8mtifxsq8abi3j5w	.eJxVjDsOwyAQRO9CHaEAxktcps8Z0LK7tskHJH-qKHePLblImilm3ry3irguY1xnmWJm1SmjTr9dQnpI2Qe-YxmqplqWKSe9I_pYZ32rLM_rwf4JRpzH7e0I2aeA3hroHW55sY1vEIRsI0DBMJzblkIQSGQRewJDicA716JNmxT5lUt81mEQjrmobplW-XwBT99AoA:1uLJht:oq9sxyhe_mtco27qsJnims8JNSbWtyEXT7HePmQXfD8	2025-05-31 10:49:53.559701+00
jeglsui1loyzcz6u1wexd0yjbv6upur2	eyJjbGllbnRfcHJvamVjdF9pZCI6MX0:1uLMeZ:YZ4-U-oKwS2F2N5bDu2vsH6r--RCpFtz0k38hu-CsPo	2025-05-31 13:58:39.113313+00
3u0qw3qqwrhs10r08r7qqmb8yvsu0jid	eyJjbGllbnRfcHJvamVjdF9pZCI6Mn0:1uLOE2:sSYWbJ3adDV8OPE-ZFQXbIAjqAHaUn2FecEZsLjg1qU	2025-05-31 15:39:22.567848+00
p0ldone9ztnkd2pj8jwzwsh5p6krs4v7	.eJxVjDsOwyAQRO9CHaEAxktcps8Z0LK7tskHJH-qKHePLblImilm3ry3irguY1xnmWJm1SmjTr9dQnpI2Qe-YxmqplqWKSe9I_pYZ32rLM_rwf4JRpzH7e0I2aeA3hroHW55sY1vEIRsI0DBMJzblkIQSGQRewJDicA716JNmxT5lUt81mEQjrmobplW-XwBT99AoA:1uLJjd:MeSCLpT22kzO9S28fuVIDHFQsJGP7kSefZ7bALXUPyI	2025-05-31 10:51:41.374733+00
baeu05gzfizqrrfokcrbye3fvrdwbspp	eyJjbGllbnRfcHJvamVjdF9pZCI6MX0:1uLGaE:avHWYYzPrvTpX1BeDiW9iY5ZJWHYhesM9PKJtYVoYQs	2025-05-31 07:29:46.999188+00
zup9mkhvxx196yhj96xmur6ukbjfd7lx	.eJxVjDsOwyAQRO9CHaEAxktcps8Z0LK7tskHJH-qKHePLblImilm3ry3irguY1xnmWJm1SmjTr9dQnpI2Qe-YxmqplqWKSe9I_pYZ32rLM_rwf4JRpzH7e0I2aeA3hroHW55sY1vEIRsI0DBMJzblkIQSGQRewJDicA716JNmxT5lUt81mEQjrmobplW-XwBT99AoA:1uLaQA:-ln_XOAdIQRI27ZozQBmaKIU5ox6T5OQTb4KbWewpJ8	2025-06-01 04:40:42.266603+00
no05usvaj7ejazciu3t5g3e4pzdpr2sv	.eJxVjDsOwyAQRO9CHaEAxktcps8Z0LK7tskHJH-qKHePLblImilm3ry3irguY1xnmWJm1SmjTr9dQnpI2Qe-YxmqplqWKSe9I_pYZ32rLM_rwf4JRpzH7e0I2aeA3hroHW55sY1vEIRsI0DBMJzblkIQSGQRewJDicA716JNmxT5lUt81mEQjrmobplW-XwBT99AoA:1uLHKD:1QCSB1BMWcVcnVumPg2V2kkejMTrLPUiHN5McOJ85Vc	2025-05-31 08:17:17.954614+00
b15bqhbv4wi7fw5znl2k7xl6za4fob9i	eyJjbGllbnRfcHJvamVjdF9pZCI6MX0:1uLKCm:nrcAA0dndbDI2_SOBsJLwZENQ_KGk0RHvKLcmIWQMvU	2025-05-31 11:21:48.603904+00
s3a4992llmb06iqy4krp5p3em5apkq8s	eyJjbGllbnRfcHJvamVjdF9pZCI6M30:1uLadQ:J6s9wBC_MepfRCa6uL8GQbQ0_QAe_9OeAUA54Q-Dh4I	2025-06-01 04:54:24.716159+00
3y8ep9732x1eebycmapn4155q73fo810	.eJxVjDsOwyAQRO9CHaEAxktcps8Z0LK7tskHJH-qKHePLblImilm3ry3irguY1xnmWJm1SmjTr9dQnpI2Qe-YxmqplqWKSe9I_pYZ32rLM_rwf4JRpzH7e0I2aeA3hroHW55sY1vEIRsI0DBMJzblkIQSGQRewJDicA716JNmxT5lUt81mEQjrmobplW-XwBT99AoA:1uLKGU:vGyWWZbVOYZKWXJeg1mMSWiKK6UoyGtZfRP39ywu_ZQ	2025-05-31 11:25:38.084995+00
d2jpmohh31bj47ohfob0qwro91gm64hn	.eJxVjDsOwyAQRO9CHaEAxktcps8Z0LK7tskHJH-qKHePLblImilm3ry3irguY1xnmWJm1SmjTr9dQnpI2Qe-YxmqplqWKSe9I_pYZ32rLM_rwf4JRpzH7e0I2aeA3hroHW55sY1vEIRsI0DBMJzblkIQSGQRewJDicA716JNmxT5lUt81mEQjrmobplW-XwBT99AoA:1uLKWC:szv8UC4INAoNAqnlT7SwNAZe21Mz3HeV8fSnwbjUmXk	2025-05-31 11:41:52.575223+00
anl8mcjueacllw8h33q5a0ejfjpiy5jj	eyJjbGllbnRfcHJvamVjdF9pZCI6Mn0:1uLNEw:YAmsJlNRMTI1FElc1LP3JrVPYv9r8u7dBw4Nlz8NJLk	2025-05-31 14:36:14.314023+00
z61ewndl80yl3y7nmzz9udxooy4uhr5r	eyJjbGllbnRfcHJvamVjdF9pZCI6Mn0:1uMKAt:NFjvzTX8V11wAXjP0sdzSAXk754ZsAKAKhgUJS7MZSU	2025-06-03 05:31:59.698606+00
upctmff2b0d9xtqm082zkyp1jezi3o2a	eyJjbGllbnRfcHJvamVjdF9pZCI6Mn0:1uMOhr:TtiF8tjTl5ry9CSBVtxabSrl2ceVbzAl2duG0rcYxbY	2025-06-03 10:22:19.963688+00
onvihg2mdq5dsa5po9w1ga3jyj0z4fqh	.eJxVjDsOwyAQRO9CHaEAxktcps8Z0LK7tskHJH-qKHePLblImilm3ry3irguY1xnmWJm1SmjTr9dQnpI2Qe-YxmqplqWKSe9I_pYZ32rLM_rwf4JRpzH7e0I2aeA3hroHW55sY1vEIRsI0DBMJzblkIQSGQRewJDicA716JNmxT5lUt81mEQjrmobplW-XwBT99AoA:1uLKd2:Y5WlRMS7qFvNlkHXQdjb3aYFiznLfWK1k25gJQGe6No	2025-05-31 11:48:56.836592+00
vnu237sq7oztqvswaosqu9jdtbc1weqp	.eJxVjDESgyAURO9CnWECiBDL9DkD8_l8FWMgg1hlcvdoxsZmi_d298NwjpSqe5c8EVYXA-vEhTlY6-jWhcqfMMFOzAM-Ke0iTJCGzDGnWqLne4UfduGPHGi-H93TwQjLuK0VQtDegpbC9Aq2vMlGN2AIZUMGrQjm2rZoLRmPEqBHI9Cj0Uq1IP12CuEVk5vzMFBwMbGulpW-P6e8SHw:1uLKpR:xg6zgB45TZSOFQsj7hgif-1c2ucG0ceEpkJnwbU7PYI	2025-05-31 12:01:45.603748+00
aq3uaoq9d87efezabjl8k4iapi4s70wu	.eJxVjDsOwyAQRO9CHaEAxktcps8Z0LK7tskHJH-qKHePLblImilm3ry3irguY1xnmWJm1SmjTr9dQnpI2Qe-YxmqplqWKSe9I_pYZ32rLM_rwf4JRpzH7e0I2aeA3hroHW55sY1vEIRsI0DBMJzblkIQSGQRewJDicA716JNmxT5lUt81mEQjrmobplW-XwBT99AoA:1uLNPF:yZ5eC8skyrQ8CkEHOOOzJprzEi3_AahT83DkIpoKe4g	2025-05-31 14:46:53.583508+00
gxpatool78j4hzwhb1gw0ciqzg6u3xt4	.eJxVjDsOwyAQRO9CHaEAxktcps8Z0LK7tskHJH-qKHePLblImilm3ry3irguY1xnmWJm1SmjTr9dQnpI2Qe-YxmqplqWKSe9I_pYZ32rLM_rwf4JRpzH7e0I2aeA3hroHW55sY1vEIRsI0DBMJzblkIQSGQRewJDicA716JNmxT5lUt81mEQjrmobplW-XwBT99AoA:1uMkbR:0-cjBOq1E3uHqyv_eh7gr7y_E-K1eGRlYZ36AAHgiyo	2025-06-04 09:45:09.609099+00
eyxflycf25qg6kcnc3cf8m2nv1mrfaj0	.eJxVjDsOwyAQRO9CHaEAxktcps8Z0LK7tskHJH-qKHePLblImilm3ry3irguY1xnmWJm1SmjTr9dQnpI2Qe-YxmqplqWKSe9I_pYZ32rLM_rwf4JRpzH7e0I2aeA3hroHW55sY1vEIRsI0DBMJzblkIQSGQRewJDicA716JNmxT5lUt81mEQjrmobplW-XwBT99AoA:1uN4Ka:pXobUK1_JxF8Plu4MRj2iiR2xALszBPE2dV-LmomNSY	2025-06-05 06:49:04.998309+00
oaxxryvdkawl7jt2opf6por77yg3iki1	.eJxVjDsOwyAQRO9CHaEAxktcps8Z0LK7tskHJH-qKHePLblImilm3ry3irguY1xnmWJm1SmjTr9dQnpI2Qe-YxmqplqWKSe9I_pYZ32rLM_rwf4JRpzH7e0I2aeA3hroHW55sY1vEIRsI0DBMJzblkIQSGQRewJDicA716JNmxT5lUt81mEQjrmobplW-XwBT99AoA:1uMmvQ:XfPuR7LQIG2pOUUv19vFpgmE5eYUK81fmxLabkW3CVQ	2025-06-04 12:13:56.650883+00
i8oofi42reqdeq9lmqid5gu4el475qf3	.eJxVjDsOwyAQRO9CHaEAxktcps8Z0LK7tskHJH-qKHePLblImilm3ry3irguY1xnmWJm1SmjTr9dQnpI2Qe-YxmqplqWKSe9I_pYZ32rLM_rwf4JRpzH7e0I2aeA3hroHW55sY1vEIRsI0DBMJzblkIQSGQRewJDicA716JNmxT5lUt81mEQjrmobplW-XwBT99AoA:1uMpQn:lQ0KjnySiy32F0ZcgmmJGbd-NMh-oYNqXTkBsqCgjU4	2025-06-04 14:54:29.308833+00
2f322tnzsts3q81m37be2wh1roiiwtvj	.eJxVjDsOwyAQRO9CHaEAxktcps8Z0LK7tskHJH-qKHePLblImilm3ry3irguY1xnmWJm1SmjTr9dQnpI2Qe-YxmqplqWKSe9I_pYZ32rLM_rwf4JRpzH7e0I2aeA3hroHW55sY1vEIRsI0DBMJzblkIQSGQRewJDicA716JNmxT5lUt81mEQjrmobplW-XwBT99AoA:1uMpzJ:KHOkjzPA0j8BU44wNlFJRt6EkMT-DkWdMUg8R0fZPlU	2025-06-04 15:30:09.927522+00
cuuc9pxq5domgi4a5icfqmpsijm3fiie	.eJxVjDESgyAURO9CnWECiBDL9DkD8_l8FWMgg1hlcvdoxsZmi_d298NwjpSqe5c8EVYXA-vkhTlY6-jWhcqfMMFOzAM-Ke0iTJCGzDGnWqLne4UfduGPHGi-H93TwQjLuK0VQtDegpbC9Aq2vMlGN2AIZUMGrQjm2rZoLRmPEqBHI9Cj0Uq1IP12CuEVk5vzMFBwMbGulpW-P6h_SH0:1uMq0w:JxClEu7UFZmclSV-STQi8zqInnQsBcmsiYKqVqJZwHk	2025-06-04 15:31:50.073449+00
grk4yyare9a01iut71qp0dj1vvhc00yl	.eJxVjDsOwyAQRO9CHaEAxktcps8Z0LK7tskHJH-qKHePLblImilm3ry3irguY1xnmWJm1SmjTr9dQnpI2Qe-YxmqplqWKSe9I_pYZ32rLM_rwf4JRpzH7e0I2aeA3hroHW55sY1vEIRsI0DBMJzblkIQSGQRewJDicA716JNmxT5lUt81mEQjrmobplW-XwBT99AoA:1uMqiK:slApDruwMOc4T90WX3jPAp9kR1wiWNE7aNwlxGf2iGs	2025-06-04 16:16:40.530156+00
9a2hulnww8gn4srg6689tjd09usate4l	.eJxVjDESgyAURO9CnWECiBDL9DkD8_l8FWMgg1hlcvdoxsZmi_d298NwjpSqe5c8EVYXA-vkhTlY6-jWhcqfMMFOzAM-Ke0iTJCGzDGnWqLne4UfduGPHGi-H93TwQjLuK0VQtDegpbC9Aq2vMlGN2AIZUMGrQjm2rZoLRmPEqBHI9Cj0Uq1IP12CuEVk5vzMFBwMbGulpW-P6h_SH0:1uMnBx:xUj3Cu0fPPd1bFjO41SNFtALXTPCIpC9vLpEYh5nDug	2025-06-04 12:31:01.304662+00
smf9u5l4bkekjkykxy1g4kd728c7uug6	.eJxVjDsOwyAQRO9CHaEAxktcps8Z0LK7tskHJH-qKHePLblImilm3ry3irguY1xnmWJm1SmjTr9dQnpI2Qe-YxmqplqWKSe9I_pYZ32rLM_rwf4JRpzH7e0I2aeA3hroHW55sY1vEIRsI0DBMJzblkIQSGQRewJDicA716JNmxT5lUt81mEQjrmobplW-XwBT99AoA:1uMqiN:nngyOObNbq-CyW8e8Gv7jLBolnuIvcLQ0fgRzTx94mo	2025-06-04 16:16:43.901996+00
1go0rh5s3kn2hoian7lfdh6eu5ojmo84	.eJxVjDsOwyAQRO9CHaEAxktcps8Z0LK7tskHJH-qKHePLblImilm3ry3irguY1xnmWJm1SmjTr9dQnpI2Qe-YxmqplqWKSe9I_pYZ32rLM_rwf4JRpzH7e0I2aeA3hroHW55sY1vEIRsI0DBMJzblkIQSGQRewJDicA716JNmxT5lUt81mEQjrmobplW-XwBT99AoA:1uMlsj:ALjA5mpQE2VPA3Kt2ldr9qSv-lhJ7eQ8Lrldvrwk4c8	2025-06-04 11:07:05.968928+00
iabk398o4wp68y8ne8gf2mzc9imd45kc	.eJxVjDsOwyAQRO9CHaEAxktcps8Z0LK7tskHJH-qKHePLblImilm3ry3irguY1xnmWJm1SmjTr9dQnpI2Qe-YxmqplqWKSe9I_pYZ32rLM_rwf4JRpzH7e0I2aeA3hroHW55sY1vEIRsI0DBMJzblkIQSGQRewJDicA716JNmxT5lUt81mEQjrmobplW-XwBT99AoA:1uMmcF:hfhbeRLwlhmDupRDHvOLEkCWkLyF9kGDyR_nJYVuLZw	2025-06-04 11:54:07.159328+00
m4jaahv7rpx73mgb2xc4a8yvxm1lh86c	.eJxVjDsOwyAQRO9CHaEAxktcps8Z0LK7tskHJH-qKHePLblImilm3ry3irguY1xnmWJm1SmjTr9dQnpI2Qe-YxmqplqWKSe9I_pYZ32rLM_rwf4JRpzH7e0I2aeA3hroHW55sY1vEIRsI0DBMJzblkIQSGQRewJDicA716JNmxT5lUt81mEQjrmobplW-XwBT99AoA:1uMmdz:xiUsIi4skAQXFdtKJDVN1gvpvgUG6UnRpGnBAJmK7_0	2025-06-04 11:55:55.280406+00
fjicvlou17hnb3uls5l7ebmmdzez4ctr	.eJxVjDsOwyAQRO9CHaEAxktcps8Z0LK7tskHJH-qKHePLblImilm3ry3irguY1xnmWJm1SmjTr9dQnpI2Qe-YxmqplqWKSe9I_pYZ32rLM_rwf4JRpzH7e0I2aeA3hroHW55sY1vEIRsI0DBMJzblkIQSGQRewJDicA716JNmxT5lUt81mEQjrmobplW-XwBT99AoA:1uMqpV:IWvCYOW9pDepbXz2dEB-CSG6L_ZPwcFJ8OhMmpxjMgE	2025-06-04 16:24:05.45815+00
y4o7188drq7v4x4d2y11o2gk6dyn4lq8	.eJxVjDsOwyAQRO9CHaEAxktcps8Z0LK7tskHJH-qKHePLblImilm3ry3irguY1xnmWJm1SmjTr9dQnpI2Qe-YxmqplqWKSe9I_pYZ32rLM_rwf4JRpzH7e0I2aeA3hroHW55sY1vEIRsI0DBMJzblkIQSGQRewJDicA716JNmxT5lUt81mEQjrmobplW-XwBT99AoA:1uMlan:Y1-LA3ONu-pzOEavQCwy1MBSqioLoam-Remxx6mezm8	2025-06-04 10:48:33.121564+00
gdc2kszqfzrzlh4kutcberxr0xhjggr7	eyJjbGllbnRfcHJvamVjdF9pZCI6Mn0:1uMnvy:Tn43COs6Dk_9OrvKLbFz86Bk9-nReLFLZ5Dq1wle5_U	2025-06-04 13:18:34.912164+00
ss3n7j4vd1adis89bfon8ibhbjtvhbo0	.eJxVjDsOwjAQRO_iGln4u4aSPmewdtcODiBbipMKcXcSKQU0U8x7M28RcV1KXHue45TEVShx-u0I-ZnrDtID671JbnWZJ5K7Ig_a5dBSft0O9--gYC_b2jAmRwGdVjAa3PKirbMImbXNwEElOHvPIWQg1ogjg2JicMZ41CQ-X-TIOCY:1uMnza:JPWmJzCCGKyRrFF0s1-ppBn0P6udWT8YmORcVYplxQw	2025-06-04 13:22:18.922396+00
4iuvwte3ywnwj8ferf919utz5tt5glw1	.eJxVjDESgyAURO9CnWECiBDL9DkD8_l8FWMgg1hlcvdoxsZmi_d298NwjpSqe5c8EVYXA-vEhTlY6-jWhcqfMMFOzAM-Ke0iTJCGzDGnWqLne4UfduGPHGi-H93TwQjLuK0VQtDegpbC9Aq2vMlGN2AIZUMGrQjm2rZoLRmPEqBHI9Cj0Uq1IP12CuEVk5vzMFBwMbGulpW-P6e8SHw:1uMmHs:88P8hKaQaY_xSUcNRWuXMSt9vPKShXdRKkOan3LW0xs	2025-06-04 11:33:04.704026+00
lft4phxytct3kainh0gap36g57nyh9tx	.eJxVjDsOwjAQRO_iGln4u4aSPmewdtcODiBbipMKcXcSKQU0U8x7M28RcV1KXHue45TEVShx-u0I-ZnrDtID671JbnWZJ5K7Ig_a5dBSft0O9--gYC_b2jAmRwGdVjAa3PKirbMImbXNwEElOHvPIWQg1ogjg2JicMZ41CQ-X-TIOCY:1uMoDY:extImRVKRnABH6B4zFARBbQLochG2w0ObMu7jAEHs4U	2025-06-04 13:36:44.083546+00
tuxg3vbihelh2anqw9yiviiyfr5xf55d	eyJjbGllbnRfcHJvamVjdF9pZCI6Mn0:1uMoJT:gPwzDFfEyVUhoJxQuKI_xaGuFFORJYiN9ee3wmcadSA	2025-06-04 13:42:51.909543+00
30d1yy1we6mlct6b6ip6i8dvvwxatfg8	.eJxVjDsOwyAQRO9CHaEAxktcps8Z0LK7tskHJH-qKHePLblImilm3ry3irguY1xnmWJm1SmjTr9dQnpI2Qe-YxmqplqWKSe9I_pYZ32rLM_rwf4JRpzH7e0I2aeA3hroHW55sY1vEIRsI0DBMJzblkIQSGQRewJDicA716JNmxT5lUt81mEQjrmobplW-XwBT99AoA:1uN3j9:KpsKIVSvu_aBK5rrgbl7YDYzajVBnOCAjfGzE1mmJTQ	2025-06-05 06:10:23.351699+00
9ifpipekyr0j864rucrvbdgxrp6lg4h5	.eJxVjDsOwyAQRO9CHaEAxktcps8Z0LK7tskHJH-qKHePLblImilm3ry3irguY1xnmWJm1SmjTr9dQnpI2Qe-YxmqplqWKSe9I_pYZ32rLM_rwf4JRpzH7e0I2aeA3hroHW55sY1vEIRsI0DBMJzblkIQSGQRewJDicA716JNmxT5lUt81mEQjrmobplW-XwBT99AoA:1uN3oH:mUdmzlKNhv5khZvfuDdovn0yjlzZx4p5pSfhls570jY	2025-06-05 06:15:41.190886+00
9r7630cemjcxn7nrdtpro22eql34ze8v	.eJxVjDsOwyAQRO9CHaEAxktcps8Z0LK7tskHJH-qKHePLblImilm3ry3irguY1xnmWJm1SmjTr9dQnpI2Qe-YxmqplqWKSe9I_pYZ32rLM_rwf4JRpzH7e0I2aeA3hroHW55sY1vEIRsI0DBMJzblkIQSGQRewJDicA716JNmxT5lUt81mEQjrmobplW-XwBT99AoA:1uN3vS:YwQ6fL_OTn85YRMV_EklYCUzUmjlljBhcREGE95UxeI	2025-06-05 06:23:06.969599+00
8ba4cc1uqe1snna0xunmgwm3pqm7bzbg	.eJxVjDsOwyAQRO9CHaEAxktcps8Z0LK7tskHJH-qKHePLblImilm3ry3irguY1xnmWJm1SmjTr9dQnpI2Qe-YxmqplqWKSe9I_pYZ32rLM_rwf4JRpzH7e0I2aeA3hroHW55sY1vEIRsI0DBMJzblkIQSGQRewJDicA716JNmxT5lUt81mEQjrmobplW-XwBT99AoA:1uN42c:ItWulkfI1Pykt0__ew9BXFUfHgo6SB1x1s5gic-PHrI	2025-06-05 06:30:30.08814+00
ndnie3p1i0sg5tygnmu27end93txtdn2	.eJxVjDsOwyAQRO9CHaEAxktcps8Z0LK7tskHJH-qKHePLblImilm3ry3irguY1xnmWJm1SmjTr9dQnpI2Qe-YxmqplqWKSe9I_pYZ32rLM_rwf4JRpzH7e0I2aeA3hroHW55sY1vEIRsI0DBMJzblkIQSGQRewJDicA716JNmxT5lUt81mEQjrmobplW-XwBT99AoA:1uN2nr:S6eiCkaYpWV-57UTYa8VbxNfwNntOrB5KpL7qPiVEEE	2025-06-05 05:11:11.675045+00
m16tuk99k4743pryy5evacazv2j9dcr1	.eJxVjDsOwjAQRO_iGln4u4aSPmewdtcODiBbipMKcXcSKQU0U8x7M28RcV1KXHue45TEVShx-u0I-ZnrDtID671JbnWZJ5K7Ig_a5dBSft0O9--gYC_b2jAmRwGdVjAa3PKirbMImbXNwEElOHvPIWQg1ogjg2JicMZ41CQ-X-TIOCY:1uN2ww:mA1s-CCQ6B8EwgYFTrv-GH0LG_of7GJfdbXHLiqYGgE	2025-06-05 05:20:34.908821+00
6dt7f82skzwr0blkbrxrkg7jh4murj3f	.eJxVjDsOwyAQRO9CHaEAxktcps8Z0LK7tskHJH-qKHePLblImilm3ry3irguY1xnmWJm1SmjTr9dQnpI2Qe-YxmqplqWKSe9I_pYZ32rLM_rwf4JRpzH7e0I2aeA3hroHW55sY1vEIRsI0DBMJzblkIQSGQRewJDicA716JNmxT5lUt81mEQjrmobplW-XwBT99AoA:1uN3Rd:KALao2sCwnX2as9UI1h3J3crrFAoikmeWbIU4lhhYIU	2025-06-05 05:52:17.218064+00
1wngv6oye9y3nar8qe34zi3jfw5slt5e	.eJxVjDsOwyAQRO9CHaEAxktcps8Z0LK7tskHJH-qKHePLblImilm3ry3irguY1xnmWJm1SmjTr9dQnpI2Qe-YxmqplqWKSe9I_pYZ32rLM_rwf4JRpzH7e0I2aeA3hroHW55sY1vEIRsI0DBMJzblkIQSGQRewJDicA716JNmxT5lUt81mEQjrmobplW-XwBT99AoA:1uOyu0:NTtOvq16fpKUufn0PTYzDTv94qF0_iEMmEcGRx_mid0	2025-06-10 13:25:32.157759+00
vz2gxop2ywrpz8b5gy6ed8eyl61ppkxy	.eJxVjDsOwyAQRO9CHaEAxktcps8Z0LK7tskHJH-qKHePLblImilm3ry3irguY1xnmWJm1SmjTr9dQnpI2Qe-YxmqplqWKSe9I_pYZ32rLM_rwf4JRpzH7e0I2aeA3hroHW55sY1vEIRsI0DBMJzblkIQSGQRewJDicA716JNmxT5lUt81mEQjrmobplW-XwBT99AoA:1uN48z:y7MukZG9BPInYEnOYI6iesBOw5F5cW_Rd1vffZjnYus	2025-06-05 06:37:05.634155+00
54ly1vatbjofpr95sow4ppq7d1csdt59	.eJxVjDsOwyAQRO9CHaEAxktcps8Z0LK7tskHJH-qKHePLblImilm3ry3irguY1xnmWJm1SmjTr9dQnpI2Qe-YxmqplqWKSe9I_pYZ32rLM_rwf4JRpzH7e0I2aeA3hroHW55sY1vEIRsI0DBMJzblkIQSGQRewJDicA716JNmxT5lUt81mEQjrmobplW-XwBT99AoA:1uPyxD:jC1oNGZ_kL9EI7SHxcIeLpDBw4vq8PHAXEEeq5eYeaQ	2025-06-13 07:40:59.958289+00
d1jvd64n8466r8i0ikrudigcpn6llmw3	.eJxVjDsOwyAQRO9CHaEAxktcps8Z0LK7tskHJH-qKHePLblImilm3ry3irguY1xnmWJm1SmjTr9dQnpI2Qe-YxmqplqWKSe9I_pYZ32rLM_rwf4JRpzH7e0I2aeA3hroHW55sY1vEIRsI0DBMJzblkIQSGQRewJDicA716JNmxT5lUt81mEQjrmobplW-XwBT99AoA:1uOyu2:y0zsK61jh8u1tKoAs3ekx97ZSZiWtAxb6NcCCDKTtyI	2025-06-10 13:25:34.561913+00
9u4c33e3s9sw58cwsx8bp6u4wrnmlkge	eyJjbGllbnRfcHJvamVjdF9pZCI6NX0:1uObGE:lMf2yfXoz9bQOm2rbpqHIhL-YBpb9uebnkfICU0IDBI	2025-06-09 12:10:54.31121+00
wsyrasdd3xa7xl62rf6nzrg0039x0b6p	.eJxVjDsOwyAQRO9CHaEAxktcps8Z0LK7tskHJH-qKHePLblImilm3ry3irguY1xnmWJm1SmjTr9dQnpI2Qe-YxmqplqWKSe9I_pYZ32rLM_rwf4JRpzH7e0I2aeA3hroHW55sY1vEIRsI0DBMJzblkIQSGQRewJDicA716JNmxT5lUt81mEQjrmobplW-XwBT99AoA:1uN49b:HyHvhl8fkv6tswWTXIOINWSx1EVTLcMnnzyxPDQ1xqI	2025-06-05 06:37:43.041025+00
o3x8gw73g4efyvh3yn5gi1y6l6tdyniy	eyJjbGllbnRfcHJvamVjdF9pZCI6NX0:1uRV6R:Dpvak6qbiIFljHFgKH_E3K1Qr7oVjFQV6H6PLt1DQf8	2025-06-17 12:12:47.183711+00
ir4g6e5e82yrz4zzvgmtzdmmn04yxy8e	.eJxVjDsOwyAQRO9CHaEAxktcps8Z0LK7tskHJH-qKHePLblImilm3ry3irguY1xnmWJm1SmjTr9dQnpI2Qe-YxmqplqWKSe9I_pYZ32rLM_rwf4JRpzH7e0I2aeA3hroHW55sY1vEIRsI0DBMJzblkIQSGQRewJDicA716JNmxT5lUt81mEQjrmobplW-XwBT99AoA:1uNuLc:fObeHZ-Zh_X0eKJ5gk5YdCyzq0RT1z0LHltFmogRKIw	2025-06-07 14:21:36.921092+00
qtt2e7fpglmj6pxob82q0ofn5bs83nj6	.eJxVjDsOwyAQRO9CHaEAxktcps8Z0LK7tskHJH-qKHePLblImilm3ry3irguY1xnmWJm1SmjTr9dQnpI2Qe-YxmqplqWKSe9I_pYZ32rLM_rwf4JRpzH7e0I2aeA3hroHW55sY1vEIRsI0DBMJzblkIQSGQRewJDicA716JNmxT5lUt81mEQjrmobplW-XwBT99AoA:1uN4Kv:v2wyUa-3qIyYDYitWHWTYURYV3Ig5aU4I8M7NpFTRwo	2025-06-05 06:49:25.742765+00
5nq03izwr3n6zpcup430cbsjaexskxgl	.eJxVjDsOwyAQRO9CHaEAxktcps8Z0LK7tskHJH-qKHePLblImilm3ry3irguY1xnmWJm1SmjTr9dQnpI2Qe-YxmqplqWKSe9I_pYZ32rLM_rwf4JRpzH7e0I2aeA3hroHW55sY1vEIRsI0DBMJzblkIQSGQRewJDicA716JNmxT5lUt81mEQjrmobplW-XwBT99AoA:1uN4pt:Y7hqfdtCfwdd-37Aw9q_JKSSDcaL6F_-xkrpbZXPpNE	2025-06-05 07:21:25.914455+00
jkywhrfudgqm3ir7vy1w8tnranmhv2zp	eyJjbGllbnRfcHJvamVjdF9pZCI6NX0:1uOcgV:qtnUqLDYPS9CuVD3mYwAWA5TnsUkk-562W97Mb2BTns	2025-06-09 13:42:07.591855+00
czlk4ly63lakr09hggi28efmslyd5b9u	.eJxVjDsOwyAQRO9CHaEAxktcps8Z0LK7tskHJH-qKHePLblImilm3ry3irguY1xnmWJm1SmjTr9dQnpI2Qe-YxmqplqWKSe9I_pYZ32rLM_rwf4JRpzH7e0I2aeA3hroHW55sY1vEIRsI0DBMJzblkIQSGQRewJDicA716JNmxT5lUt81mEQjrmobplW-XwBT99AoA:1uOb00:70GIzcGrkwi5TfUDs4bT-3TXcdo1lSX7_B9MGzlfMXY	2025-06-09 11:54:08.577732+00
jasvsq5wadxoqwxpemjhyjjf6288i2ih	eyJjbGllbnRfcHJvamVjdF9pZCI6NX0:1uOch4:I1C45eXSOlWCH-dKGSanQ5Nnh6jQ_k1HrSnJlEEd1rw	2025-06-09 13:42:42.653195+00
odfr779qin78mjq28ytmjwpe95u3qz8c	.eJxVjDsOwyAQRO9CHaEAxktcps8Z0LK7tskHJH-qKHePLblImilm3ry3irguY1xnmWJm1SmjTr9dQnpI2Qe-YxmqplqWKSe9I_pYZ32rLM_rwf4JRpzH7e0I2aeA3hroHW55sY1vEIRsI0DBMJzblkIQSGQRewJDicA716JNmxT5lUt81mEQjrmobplW-XwBT99AoA:1uN4qN:LoDW5ksCqtQovahYnQ7P278KuABMk7QljmGnm-0g-TI	2025-06-05 07:21:55.121086+00
2jcs1w4ay4lm36xrw6n8e0dzjzkjn75w	.eJxVjDsOwyAQRO9CHaEAxktcps8Z0LK7tskHJH-qKHePLblImilm3ry3irguY1xnmWJm1SmjTr9dQnpI2Qe-YxmqplqWKSe9I_pYZ32rLM_rwf4JRpzH7e0I2aeA3hroHW55sY1vEIRsI0DBMJzblkIQSGQRewJDicA716JNmxT5lUt81mEQjrmobplW-XwBT99AoA:1uPz2E:yDheRdGInAhrvxAUIVcCQ7z0dLpgQvr-KHjGNuzaeaw	2025-06-13 07:46:10.773851+00
qhx48jj1p1i5ryi1nwg9tyw4r8aq80be	.eJxVjDsOwyAQRO9CHaEAxktcps8Z0LK7tskHJH-qKHePLblImilm3ry3irguY1xnmWJm1SmjTr9dQnpI2Qe-YxmqplqWKSe9I_pYZ32rLM_rwf4JRpzH7e0I2aeA3hroHW55sY1vEIRsI0DBMJzblkIQSGQRewJDicA716JNmxT5lUt81mEQjrmobplW-XwBT99AoA:1uR1u3:cC_k6TOLH5UQR5le6RRia0m6lGKHkXlQb825x1ryIIA	2025-06-16 05:02:03.839562+00
ux49x2z8pl8ryrtwkou3sb3qwxrh31kl	e30:1uR2L3:KpHIf2_QrfUzRpPAyXeQCPLn28YJZ0xxVUoX9VZZsgk	2025-06-16 05:29:57.24636+00
9ofy9vswyedxudarifija5cb4x5o6t3k	.eJxVjDsOwyAQRO9CHaEAxktcps8Z0LK7tskHJH-qKHePLblImilm3ry3irguY1xnmWJm1SmjTr9dQnpI2Qe-YxmqplqWKSe9I_pYZ32rLM_rwf4JRpzH7e0I2aeA3hroHW55sY1vEIRsI0DBMJzblkIQSGQRewJDicA716JNmxT5lUt81mEQjrmobplW-XwBT99AoA:1uOyw3:CqaZ6AL_-PNkFrwthESBIB0_kTFfpRYDtSxMWvMbpMw	2025-06-10 13:27:39.208393+00
92owrczt1qic3jwz0qojibuxlcmbxsud	.eJxVjDsOwyAQRO9CHaEAxktcps8Z0LK7tskHJH-qKHePLblImilm3ry3irguY1xnmWJm1SmjTr9dQnpI2Qe-YxmqplqWKSe9I_pYZ32rLM_rwf4JRpzH7e0I2aeA3hroHW55sY1vEIRsI0DBMJzblkIQSGQRewJDicA716JNmxT5lUt81mEQjrmobplW-XwBT99AoA:1uN9hl:PDzgW9xqZ424kISXcUKD92aBcJjL4pMCxTT__vdIyGk	2025-06-05 12:33:21.516765+00
x8l0ga2o07h7njl5dw4rtkkj8oafc4lt	.eJxVjDsOwyAQRO9CHaEAxktcps8Z0LK7tskHJH-qKHePLblImilm3ry3irguY1xnmWJm1SmjTr9dQnpI2Qe-YxmqplqWKSe9I_pYZ32rLM_rwf4JRpzH7e0I2aeA3hroHW55sY1vEIRsI0DBMJzblkIQSGQRewJDicA716JNmxT5lUt81mEQjrmobplW-XwBT99AoA:1uNAbq:WH2RtMAr3cOKJ0riPlaYjk2ZAYUhWvI6DcHhDYuEmFA	2025-06-05 13:31:18.854376+00
x7vinvr4y5uw9hhg1a3sqcuhebn0j6uq	.eJxVjDsOwyAQRO9CHaEAxktcps8Z0LK7tskHJH-qKHePLblImilm3ry3irguY1xnmWJm1SmjTr9dQnpI2Qe-YxmqplqWKSe9I_pYZ32rLM_rwf4JRpzH7e0I2aeA3hroHW55sY1vEIRsI0DBMJzblkIQSGQRewJDicA716JNmxT5lUt81mEQjrmobplW-XwBT99AoA:1uQ19a:wcZs9icRXkYshXANoCa3ZsUD4p6T-DaqzDAUwsqZOeU	2025-06-13 10:01:54.988822+00
6s2dp90l0pdo09ksf5g0b6cfty7qq2hq	.eJxVjDsOwyAQRO9CHaEAxktcps8Z0LK7tskHJH-qKHePLblImilm3ry3irguY1xnmWJm1SmjTr9dQnpI2Qe-YxmqplqWKSe9I_pYZ32rLM_rwf4JRpzH7e0I2aeA3hroHW55sY1vEIRsI0DBMJzblkIQSGQRewJDicA716JNmxT5lUt81mEQjrmobplW-XwBT99AoA:1uQ8OM:iaAlwMjHIIRR9FUziFeTq5xuK-rh0ITYyT7Q7f8eLgA	2025-06-13 17:45:38.221199+00
n2k28feps1y6akxfwbwo6srs6bq51shg	.eJxVjDsOwyAQRO9CHaEAxktcps8Z0LK7tskHJH-qKHePLblImilm3ry3irguY1xnmWJm1SmjTr9dQnpI2Qe-YxmqplqWKSe9I_pYZ32rLM_rwf4JRpzH7e0I2aeA3hroHW55sY1vEIRsI0DBMJzblkIQSGQRewJDicA716JNmxT5lUt81mEQjrmobplW-XwBT99AoA:1uQ8Or:i8ucIYaA17LUPqOdpSJ2w0Ltn2sch5tnRLxV7BF8atg	2025-06-13 17:46:09.540057+00
crtugsq87at5skix701i9nqn8aqolq5t	eyJjbGllbnRfcHJvamVjdF9pZCI6NX0:1uPBAI:BrA7hCHAK8o63HBPLd28n-IVw_XX_qmEkJb1SsI9jzs	2025-06-11 02:31:10.888101+00
djt52bqm74t6pczao9jcumuuwwxcffne	.eJxVjDsOgzAQRO_iOkLxDzuU6XMGa71ewITYkTFVlLsHIhqaKd6bmQ_DOVKq7l3yRFhdDKxTF-ZgraNbFyp_wjg7MQ_4pLSLMEEacoM51RJ9s1eawy7NIwea70f3dDDCMm5riRC0t6AFN72ELW9CaQWGUCgyaHkw17ZFa8l4FAA9Go4ejZayBeG3UwivmNych4GCi4l1taz0_QGqBUh_:1uOvNS:sHIPEXZByXNjG3GWe5PClBOy46qu6atixzaCvnYLSZM	2025-06-10 09:39:42.582823+00
djrtj95q564l23rl6hlw725imsotl59y	eyJjbGllbnRfcHJvamVjdF9pZCI6NX0:1uPPve:hjkvf0yxp8lNzf5H6z2-SvVfbkr8wQhqehIG8CDof7E	2025-06-11 18:17:02.779102+00
ezo0mz6cqxy1s6cut0n4ibh5n036w8lk	.eJxVjDsOwyAQRO9CHaEAxktcps8Z0LK7tskHJH-qKHePLblImilm3ry3irguY1xnmWJm1SmjTr9dQnpI2Qe-YxmqplqWKSe9I_pYZ32rLM_rwf4JRpzH7e0I2aeA3hroHW55sY1vEIRsI0DBMJzblkIQSGQRewJDicA716JNmxT5lUt81mEQjrmobplW-XwBT99AoA:1uPzGd:bz4EpU4EvQW0Se9LY3VK2ZvVHdLiD3slgBcAcGcoJ8Y	2025-06-13 08:01:03.320721+00
0ucj5505f3hzdcmpd01vvx91nxxfuwn4	eyJjbGllbnRfcHJvamVjdF9pZCI6Nn0:1uPzlg:2LvzTpKjtqUaGs_jtqDP79or1wBsOP4TBvyMPhdu2Pg	2025-06-13 08:33:08.905136+00
jfsu7tr7gmickfixzwn3b831ipxxeqp7	.eJxVjDsOwyAQRO9CHaEAxktcps8Z0LK7tskHJH-qKHePLblImilm3ry3irguY1xnmWJm1SmjTr9dQnpI2Qe-YxmqplqWKSe9I_pYZ32rLM_rwf4JRpzH7e0I2aeA3hroHW55sY1vEIRsI0DBMJzblkIQSGQRewJDicA716JNmxT5lUt81mEQjrmobplW-XwBT99AoA:1uR5jh:BoI2KGFFI6Sq8hKnugHIDP0zvjL5EWii_eXpkGvgzlU	2025-06-16 09:07:37.524967+00
51q82e40axfarmyfilfeza0karqsql8y	eyJjbGllbnRfcHJvamVjdF9pZCI6MTJ9:1uZBfg:0PuPt6SvLr81iAiqCK2_fyp04cvfhVubOUdnsrtGncI	2025-07-08 17:04:56.696145+00
gbxw1h15yfbbw7ft7skgelf192kbcors	.eJxVjDsOwyAQRO9CHaEAxktcps8Z0LK7tskHJH-qKHePLblImilm3ry3irguY1xnmWJm1SmjTr9dQnpI2Qe-YxmqplqWKSe9I_pYZ32rLM_rwf4JRpzH7e0I2aeA3hroHW55sY1vEIRsI0DBMJzblkIQSGQRewJDicA716JNmxT5lUt81mEQjrmobplW-XwBT99AoA:1uN4Tm:2PZ0T87X1XXBZ-Uuli13sRQxhYlaDEyEihUNMoTcN9E	2025-06-05 06:58:34.890789+00
2wrdk9wzd67jrckvuwlv0lo5drntgt17	.eJxVjDsOwyAQRO9CHaEAxktcps8Z0LK7tskHJH-qKHePLblImilm3ry3irguY1xnmWJm1SmjTr9dQnpI2Qe-YxmqplqWKSe9I_pYZ32rLM_rwf4JRpzH7e0I2aeA3hroHW55sY1vEIRsI0DBMJzblkIQSGQRewJDicA716JNmxT5lUt81mEQjrmobplW-XwBT99AoA:1uN4Js:JHQsI2kYifloME_K6REIlB37wePK2neOZlW-87IN010	2025-06-05 06:48:20.602507+00
ajd5o2a89ruf2pj3dztdlq7hk2oajgni	eyJjbGllbnRfcHJvamVjdF9pZCI6NX0:1uObOC:QewN1s2hOwrihEL6wyDoCJwLmagYs-zZyUwK23nktBA	2025-06-09 12:19:08.150852+00
5vyn27uw4kkyck9z3o6fx0t0eujrpjfd	.eJxVjDsOwyAQRO9CHaEAxktcps8Z0LK7tskHJH-qKHePLblImilm3ry3irguY1xnmWJm1SmjTr9dQnpI2Qe-YxmqplqWKSe9I_pYZ32rLM_rwf4JRpzH7e0I2aeA3hroHW55sY1vEIRsI0DBMJzblkIQSGQRewJDicA716JNmxT5lUt81mEQjrmobplW-XwBT99AoA:1uP1b4:1b7oK8ahlI3i0VXNq_2vtmP865xdUo17KMxom78dk2w	2025-06-10 16:18:10.190313+00
h3w1oi8bvw8dl03y6g6r7fm6o6noi5hy	.eJxVjDsOwyAQRO9CHaEAxktcps8Z0LK7tskHJH-qKHePLblImilm3ry3irguY1xnmWJm1SmjTr9dQnpI2Qe-YxmqplqWKSe9I_pYZ32rLM_rwf4JRpzH7e0I2aeA3hroHW55sY1vEIRsI0DBMJzblkIQSGQRewJDicA716JNmxT5lUt81mEQjrmobplW-XwBT99AoA:1uQ8fv:29LxPfe-BsciIBSnGDRCZeqCPfVCdB_C_TYqESg-uVM	2025-06-13 18:03:47.315108+00
irfiuruhjbauzmks0lvw95laziyzwgps	.eJxVjDsOwyAQRO9CHaEAxktcps8Z0LK7tskHJH-qKHePLblImilm3ry3irguY1xnmWJm1SmjTr9dQnpI2Qe-YxmqplqWKSe9I_pYZ32rLM_rwf4JRpzH7e0I2aeA3hroHW55sY1vEIRsI0DBMJzblkIQSGQRewJDicA716JNmxT5lUt81mEQjrmobplW-XwBT99AoA:1uOp9r:NMWxlEMWkAOqKX6jGrCXrgJYVBHEDp9hCl4J1FutBn0	2025-06-10 03:01:15.567661+00
01m1hq94emayxnvvjzy3k0irn4jz7jq8	.eJxVjDsOwyAQRO9CHaEAxktcps8Z0LK7tskHJH-qKHePLblImilm3ry3irguY1xnmWJm1SmjTr9dQnpI2Qe-YxmqplqWKSe9I_pYZ32rLM_rwf4JRpzH7e0I2aeA3hroHW55sY1vEIRsI0DBMJzblkIQSGQRewJDicA716JNmxT5lUt81mEQjrmobplW-XwBT99AoA:1uP1b6:ZpZiBV4esvLojg_fmXPh460o3SyMIbU2ge8eLfCuDrs	2025-06-10 16:18:12.666684+00
l7g963y2zk9cmndmziz105oy1mhvw9cm	.eJxVjDsOwyAQRO9CHaEAxktcps8Z0LK7tskHJH-qKHePLblImilm3ry3irguY1xnmWJm1SmjTr9dQnpI2Qe-YxmqplqWKSe9I_pYZ32rLM_rwf4JRpzH7e0I2aeA3hroHW55sY1vEIRsI0DBMJzblkIQSGQRewJDicA716JNmxT5lUt81mEQjrmobplW-XwBT99AoA:1uN4Ud:YzeUHCzSQC4CEIkwRo_r9Li95ZTwydRx73nGXbRp8yM	2025-06-05 06:59:27.021914+00
r0qqcy39bti4zdl48my1n5t6miecih3l	.eJxVjDsOwyAQRO9CHaEAxktcps8Z0LK7tskHJH-qKHePLblImilm3ry3irguY1xnmWJm1SmjTr9dQnpI2Qe-YxmqplqWKSe9I_pYZ32rLM_rwf4JRpzH7e0I2aeA3hroHW55sY1vEIRsI0DBMJzblkIQSGQRewJDicA716JNmxT5lUt81mEQjrmobplW-XwBT99AoA:1uQ0Np:jhF3F0MU6XFh4BRGaA-7vTcMNZpR0KzgwqTSkiznJxw	2025-06-13 09:12:33.356119+00
dr4b3m4gljsobfuf2b57w9l4lsod5xay	.eJxVjDsOwyAQRO9CHaEAxktcps8Z0LK7tskHJH-qKHePLblImilm3ry3irguY1xnmWJm1SmjTr9dQnpI2Qe-YxmqplqWKSe9I_pYZ32rLM_rwf4JRpzH7e0I2aeA3hroHW55sY1vEIRsI0DBMJzblkIQSGQRewJDicA716JNmxT5lUt81mEQjrmobplW-XwBT99AoA:1uOudG:yzk2gCZgDBldz5IG9hrnZ3e-GT39-PtwBOiqbmpFHBM	2025-06-10 08:51:58.622328+00
oxhskblz04j7o87ew79h5mqj7sy6lnpp	eyJjbGllbnRfcHJvamVjdF9pZCI6NH0:1uN4Zr:UNlzHgYW1ktxIYea-4Z8lyBL304X7dE14J1Ro0nMgZQ	2025-06-05 07:04:51.845704+00
q7smnduchz28osutmyyy46bqf27d36e0	eyJjbGllbnRfcHJvamVjdF9pZCI6MTJ9:1uVkWq:lQktGmze7Dd865DbnNmRzVoz1J3IrV6EOE0TOj5Q8QU	2025-06-29 05:29:36.023784+00
2ss4lai9oh8b3nmntdy6h8kez7zbuxtv	.eJxVjDsOwyAQRO9CHaEAxktcps8Z0LK7tskHJH-qKHePLblImilm3ry3irguY1xnmWJm1SmjTr9dQnpI2Qe-YxmqplqWKSe9I_pYZ32rLM_rwf4JRpzH7e0I2aeA3hroHW55sY1vEIRsI0DBMJzblkIQSGQRewJDicA716JNmxT5lUt81mEQjrmobplW-XwBT99AoA:1uP1bQ:NQyNT6AX5mBK69yU7F9q5LNka510Vn1V_fmZkV_LipA	2025-06-10 16:18:32.111997+00
09657y6k1u02a3xgz93mvgisc1rtqzio	.eJxVjDsOwyAQRO9CHaEAxktcps8Z0LK7tskHJH-qKHePLblImilm3ry3irguY1xnmWJm1SmjTr9dQnpI2Qe-YxmqplqWKSe9I_pYZ32rLM_rwf4JRpzH7e0I2aeA3hroHW55sY1vEIRsI0DBMJzblkIQSGQRewJDicA716JNmxT5lUt81mEQjrmobplW-XwBT99AoA:1uN4be:PJCkR-iCyEFTEFE0a0MmkXqEpFd5hL9Cpb-732mQjU0	2025-06-05 07:06:42.173095+00
rsu3no5tlqhbh2oifcm52bpaky4hsx40	eyJjbGllbnRfcHJvamVjdF9pZCI6NX0:1uPFdT:DF6HCf0QSEO2Txx76RBJOHtcxMK-5ubdy6jV8-oCE_8	2025-06-11 07:17:35.067818+00
dow2eqn9mb0bpssirfok1ww08f64m56h	.eJxVjDsOwyAQRO9CHaEAxktcps8Z0LK7tskHJH-qKHePLblImilm3ry3irguY1xnmWJm1SmjTr9dQnpI2Qe-YxmqplqWKSe9I_pYZ32rLM_rwf4JRpzH7e0I2aeA3hroHW55sY1vEIRsI0DBMJzblkIQSGQRewJDicA716JNmxT5lUt81mEQjrmobplW-XwBT99AoA:1uN7C5:bF6nK3mfUFPdqy85H0_PcQxzGRiR89jzTmtPPbwCUdU	2025-06-05 09:52:29.235274+00
6y6ylsopsdaoqcutlky0xl9wxcd28vks	.eJxVjDsOwyAQRO9CHaEAxktcps8Z0LK7tskHJH-qKHePLblImilm3ry3irguY1xnmWJm1SmjTr9dQnpI2Qe-YxmqplqWKSe9I_pYZ32rLM_rwf4JRpzH7e0I2aeA3hroHW55sY1vEIRsI0DBMJzblkIQSGQRewJDicA716JNmxT5lUt81mEQjrmobplW-XwBT99AoA:1uOvOa:50ZLiBUycLx7mVgcwVrJXM1u96Sgoaz6wNM3tgETnvw	2025-06-10 09:40:52.015589+00
njw0r94t9gt27pde839yoag6bcrzqkg3	eyJjbGllbnRfcHJvamVjdF9pZCI6NH0:1uNALw:4cf6AT3_-DawZ3CdvmyJNQ64bgvgoEDn2v0vHrduphw	2025-06-05 13:14:52.295601+00
hlp4oni4u684f7sjqhct06oc4gxs5szm	.eJxVjDsOwyAQRO9CHaEAxktcps8Z0LK7tskHJH-qKHePLblImilm3ry3irguY1xnmWJm1SmjTr9dQnpI2Qe-YxmqplqWKSe9I_pYZ32rLM_rwf4JRpzH7e0I2aeA3hroHW55sY1vEIRsI0DBMJzblkIQSGQRewJDicA716JNmxT5lUt81mEQjrmobplW-XwBT99AoA:1uNkvW:Xx-lF_mdpbTEQVkb8Fl43Ql0z3J96byzI_FA3lEQHLI	2025-06-07 04:18:02.730069+00
h4exhgpdpuyr0a8tqysp7xzd6rorb7g1	.eJxVjDsOwyAQRO9CHaEAxktcps8Z0LK7tskHJH-qKHePLblImilm3ry3irguY1xnmWJm1SmjTr9dQnpI2Qe-YxmqplqWKSe9I_pYZ32rLM_rwf4JRpzH7e0I2aeA3hroHW55sY1vEIRsI0DBMJzblkIQSGQRewJDicA716JNmxT5lUt81mEQjrmobplW-XwBT99AoA:1uQ0X7:PMYosWkcStXO8hhTWXy7e_76ujQWZkj640C4aQkeQXQ	2025-06-13 09:22:09.038225+00
zxifkpal3k1jbltcf52oyw54nefj7746	e30:1uR2Dw:A_ciZI1K2O9_viGr_8GeZpdje7HT2TdKQNME2MZC1WE	2025-06-16 05:22:36.628555+00
8jrb3odnf8z3ofrt8ilml4m9n7ppnihu	eyJjbGllbnRfcHJvamVjdF9pZCI6NH0:1uOvPo:gizkXSgIM5tSVtIfHZBAyhp6EkGKUWDeycuP7i5ZCOo	2025-06-10 09:42:08.095513+00
tfks71q7lfsaqq35a5hsbuvse5q91cco	.eJxVjDsOwyAQRO9CHaEAxktcps8Z0LK7tskHJH-qKHePLblImilm3ry3irguY1xnmWJm1SmjTr9dQnpI2Qe-YxmqplqWKSe9I_pYZ32rLM_rwf4JRpzH7e0I2aeA3hroHW55sY1vEIRsI0DBMJzblkIQSGQRewJDicA716JNmxT5lUt81mEQjrmobplW-XwBT99AoA:1uQ8ix:sOLfKPUFe_l_kQECi_jplMefembNqqGeQBkgWlsx-74	2025-06-13 18:06:55.794758+00
x0unaf9u0oxo2o138bkdr2rpgh1ao2th	.eJxVjDsOgzAQRO_iOkLxDzuU6XMGa71ewITYkTFVlLsHIhqaKd6bmQ_DOVKq7l3yRFhdDKxTF-ZgraNbFyp_wjg7MQ_4pLSLMEEacoM51RJ9s1eawy7NIwea70f3dDDCMm5riRC0t6AFN72ELW9CaQWGUCgyaHkw17ZFa8l4FAA9Go4ejZayBeG3UwivmNych4GCi4l1taz0_QGqBUh_:1uR3Hh:xwmcWknW-PxywFkzif6s-REN3O4HImbgzhkEvPCUpgA	2025-06-16 06:30:33.731267+00
mleygg87jtxfcx74p9bh17mru2ex1113	.eJxVjDsOwyAQRO9CHaEAxktcps8Z0LK7tskHJH-qKHePLblImilm3ry3irguY1xnmWJm1SmjTr9dQnpI2Qe-YxmqplqWKSe9I_pYZ32rLM_rwf4JRpzH7e0I2aeA3hroHW55sY1vEIRsI0DBMJzblkIQSGQRewJDicA716JNmxT5lUt81mEQjrmobplW-XwBT99AoA:1uOb5T:Fn02rS8yr0SKVIb4TrtW0IHNBAhGx6f-6m9OXm09IYk	2025-06-09 11:59:47.954602+00
k6vjhq9z0e845plng3tg62poi1oaeovx	.eJxVjDsOwyAQRO9CHaEAxktcps8Z0LK7tskHJH-qKHePLblImilm3ry3irguY1xnmWJm1SmjTr9dQnpI2Qe-YxmqplqWKSe9I_pYZ32rLM_rwf4JRpzH7e0I2aeA3hroHW55sY1vEIRsI0DBMJzblkIQSGQRewJDicA716JNmxT5lUt81mEQjrmobplW-XwBT99AoA:1uPyvJ:56ClfxJHecr6K2lmKomvbFTk1hwhS6qOEbFoHa2iFJ8	2025-06-13 07:39:01.967549+00
xk23zeelkzi6p69gu3xtklf74el7bxq8	eyJjbGllbnRfcHJvamVjdF9pZCI6NX0:1uObDJ:hHzcyTcpXcDXrqPwvq1ARW1WVflVxwAklNjeaiRhuTs	2025-06-09 12:07:53.230468+00
fi25t0uwvbsmwnfjusdb4t4dsv7ke0s8	.eJxVjDsOwyAQRO9CHaEAxktcps8Z0LK7tskHJH-qKHePLblImilm3ry3irguY1xnmWJm1SmjTr9dQnpI2Qe-YxmqplqWKSe9I_pYZ32rLM_rwf4JRpzH7e0I2aeA3hroHW55sY1vEIRsI0DBMJzblkIQSGQRewJDicA716JNmxT5lUt81mEQjrmobplW-XwBT99AoA:1uR3PQ:8OiJZZrDmvQMxPHaB8UGrVjudKk30HrpzAfl6I4ECak	2025-06-16 06:38:32.764299+00
ycmgf7gb4asu8onw404svahx5ctddurp	.eJxVjDsOwyAQRO9CHaEAxktcps8Z0LK7tskHJH-qKHePLblImilm3ry3irguY1xnmWJm1SmjTr9dQnpI2Qe-YxmqplqWKSe9I_pYZ32rLM_rwf4JRpzH7e0I2aeA3hroHW55sY1vEIRsI0DBMJzblkIQSGQRewJDicA716JNmxT5lUt81mEQjrmobplW-XwBT99AoA:1uR5jv:_CHWF3ZF0XLKfrfNwS5R7SwXJM7OR0VU_NNOfir9L5M	2025-06-16 09:07:51.228202+00
giok95mcgzct176unbf2y7bvqd5kmkxg	.eJxVjDsOwyAQRO9CHaEAxktcps8Z0LK7tskHJH-qKHePLblImilm3ry3irguY1xnmWJm1SmjTr9dQnpI2Qe-YxmqplqWKSe9I_pYZ32rLM_rwf4JRpzH7e0I2aeA3hroHW55sY1vEIRsI0DBMJzblkIQSGQRewJDicA716JNmxT5lUt81mEQjrmobplW-XwBT99AoA:1uRYQC:fxibpsKpOVRJRnXEmahjC7laAEkOBlEHCnwC1_4Proc	2025-06-17 15:45:24.824492+00
giy5aff6c6ew23911dtk0mjcy58dl6g7	.eJxVjDsOwyAQRO9CHaEAxktcps8Z0LK7tskHJH-qKHePLblImilm3ry3irguY1xnmWJm1SmjTr9dQnpI2Qe-YxmqplqWKSe9I_pYZ32rLM_rwf4JRpzH7e0I2aeA3hroHW55sY1vEIRsI0DBMJzblkIQSGQRewJDicA716JNmxT5lUt81mEQjrmobplW-XwBT99AoA:1uRnve:2RYdXNp5sL9fDX1d2laFnr9MTO----nCHYZ3H8rCj0A	2025-06-18 08:18:54.337687+00
dythpgqhhhvhd6tkl76san0bee3pxrf9	.eJxVjDsOwyAQRO9CHaEAxktcps8Z0LK7tskHJH-qKHePLblImilm3ry3irguY1xnmWJm1SmjTr9dQnpI2Qe-YxmqplqWKSe9I_pYZ32rLM_rwf4JRpzH7e0I2aeA3hroHW55sY1vEIRsI0DBMJzblkIQSGQRewJDicA716JNmxT5lUt81mEQjrmobplW-XwBT99AoA:1uRneV:C7YF7QTHU1E2mDOlNJr-r6eCsCvS01c72jeRi3lRT60	2025-06-18 08:01:11.49811+00
gzqj1lpjelcaoezs61ive3tqii61ams3	.eJxVjDsOwyAQRO9CHaEAxktcps8Z0LK7tskHJH-qKHePLblImilm3ry3irguY1xnmWJm1SmjTr9dQnpI2Qe-YxmqplqWKSe9I_pYZ32rLM_rwf4JRpzH7e0I2aeA3hroHW55sY1vEIRsI0DBMJzblkIQSGQRewJDicA716JNmxT5lUt81mEQjrmobplW-XwBT99AoA:1uSDQY:9MC3q6d51iQZCcmJONPffHKz-nUI6W0pc7vK7OEAd6c	2025-06-19 11:32:30.311176+00
bqutg462sw4u01lr91dd9bmquqhl3r4u	.eJxVjDsOwyAQRO9CHaEAxktcps8Z0LK7tskHJH-qKHePLblImilm3ry3irguY1xnmWJm1SmjTr9dQnpI2Qe-YxmqplqWKSe9I_pYZ32rLM_rwf4JRpzH7e0I2aeA3hroHW55sY1vEIRsI0DBMJzblkIQSGQRewJDicA716JNmxT5lUt81mEQjrmobplW-XwBT99AoA:1uThbg:MdCC4SYh3RpHQjhTGT-kPnUXJp2WY2t0Cd7u23kPQJs	2025-06-23 13:58:08.675318+00
vx7yih6s3irqesdtuwshdvdfe08m9asn	.eJxVjDsOwyAQRO9CHaEAxktcps8Z0LK7tskHJH-qKHePLblImilm3ry3irguY1xnmWJm1SmjTr9dQnpI2Qe-YxmqplqWKSe9I_pYZ32rLM_rwf4JRpzH7e0I2aeA3hroHW55sY1vEIRsI0DBMJzblkIQSGQRewJDicA716JNmxT5lUt81mEQjrmobplW-XwBT99AoA:1uUQHy:iGckp0E966iEoeYYVyZRF8s4LIqnYnO6yxh_nSntXFQ	2025-06-25 13:40:46.371068+00
fmuj2qf8q0c17xu5utygvdecaogszovv	eyJjbGllbnRfcHJvamVjdF9pZCI6MTJ9:1uVkaW:jmQ8LC2ndiberPNk4UuW2YCJuoINpZtN1ITLJztXH5Q	2025-06-29 05:33:24.694605+00
b0v0cdaoexzgg984pfowxgckx9eme4q2	eyJjbGllbnRfcHJvamVjdF9pZCI6MTJ9:1uVkhX:5aAWLVzEYBzflkvR9RNcstiF4lfk1mGdLUHX2zIxVrQ	2025-06-29 05:40:39.191872+00
7kuzm98njy6vcdkbt2ccu2dxuae1i1gx	.eJxVjDsOwyAQRO9CHaEAxktcps8Z0LK7tskHJH-qKHePLblImilm3ry3irguY1xnmWJm1SmjTr9dQnpI2Qe-YxmqplqWKSe9I_pYZ32rLM_rwf4JRpzH7e0I2aeA3hroHW55sY1vEIRsI0DBMJzblkIQSGQRewJDicA716JNmxT5lUt81mEQjrmobplW-XwBT99AoA:1uR7Lw:yJYU809mO8Bg6VMH--XG00MyGhNFQkN8-BP2tpYUCEI	2025-06-16 10:51:12.98102+00
qaebpp65bm1d15qrebd2fqd1w1y144eq	.eJxVjDsOwyAQRO9CHaEAxktcps8Z0LK7tskHJH-qKHePLblImilm3ry3irguY1xnmWJm1SmjTr9dQnpI2Qe-YxmqplqWKSe9I_pYZ32rLM_rwf4JRpzH7e0I2aeA3hroHW55sY1vEIRsI0DBMJzblkIQSGQRewJDicA716JNmxT5lUt81mEQjrmobplW-XwBT99AoA:1uRXYA:6EDO1SwvW-5pFDf4vGrziVR1TCTEgaURpk9qkhTagoU	2025-06-17 14:49:34.874477+00
kf15llylv35glitk1y60ahr1jzmrnolo	.eJxVjDsOwyAQRO9CHaEAxktcps8Z0LK7tskHJH-qKHePLblImilm3ry3irguY1xnmWJm1SmjTr9dQnpI2Qe-YxmqplqWKSe9I_pYZ32rLM_rwf4JRpzH7e0I2aeA3hroHW55sY1vEIRsI0DBMJzblkIQSGQRewJDicA716JNmxT5lUt81mEQjrmobplW-XwBT99AoA:1uRXcm:5t49chQW_gjzTO9vdI7l8GZ5bTqHtlu71gcoq9QaO_w	2025-06-17 14:54:20.471954+00
f0ljgp18yzrpi6t8kq59zdvcpqpztvof	eyJjbGllbnRfcHJvamVjdF9pZCI6MTB9:1uRoU8:wxZbAue1l8LzRUW7ZZgfSytXC_U2xGFbDjvmrMhec5Y	2025-06-18 08:54:32.768011+00
poet6l03rv7g1k1meogsa2htjkem2jx0	.eJxVjDsOwyAQRO9CHaEAxktcps8Z0LK7tskHJH-qKHePLblImilm3ry3irguY1xnmWJm1SmjTr9dQnpI2Qe-YxmqplqWKSe9I_pYZ32rLM_rwf4JRpzH7e0I2aeA3hroHW55sY1vEIRsI0DBMJzblkIQSGQRewJDicA716JNmxT5lUt81mEQjrmobplW-XwBT99AoA:1uV7d9:W900u5FptDMrgsmMWDWldoQsaRefoGyuyh80vlShD_U	2025-06-27 11:57:31.744767+00
n2w26ummql0n8sr9ajx02b68x8ymq6o5	eyJjbGllbnRfcHJvamVjdF9pZCI6NX0:1uTEMR:vEqbyupV6u-z4UU1W7IKfhvY9O-J4Q4Zj-f25ewP3EM	2025-06-22 06:44:27.987594+00
2nfq4oa4lfppavjkqo4pdpk2f93ldzti	.eJxVjDsOwyAQRO9CHaEAxktcps8Z0LK7tskHJH-qKHePLblImilm3ry3irguY1xnmWJm1SmjTr9dQnpI2Qe-YxmqplqWKSe9I_pYZ32rLM_rwf4JRpzH7e0I2aeA3hroHW55sY1vEIRsI0DBMJzblkIQSGQRewJDicA716JNmxT5lUt81mEQjrmobplW-XwBT99AoA:1uR6Sq:moD5IbhjT5Yz9QZakpmbNZSkuBavfQYv5eRTaS8rAXE	2025-06-16 09:54:16.541392+00
03fe03uk4znbrjnut55nv4lkzpxw74az	.eJxVjDsOwyAQRO9CHaEAxktcps8Z0LK7tskHJH-qKHePLblImilm3ry3irguY1xnmWJm1SmjTr9dQnpI2Qe-YxmqplqWKSe9I_pYZ32rLM_rwf4JRpzH7e0I2aeA3hroHW55sY1vEIRsI0DBMJzblkIQSGQRewJDicA716JNmxT5lUt81mEQjrmobplW-XwBT99AoA:1uRXeS:Ms60SSryXdfi2spEB67Qt0IXapatZQUSKuHvRzhgsnQ	2025-06-17 14:56:04.21127+00
0wpz6eslz78rho0ggh4lf98fyt4p93wb	eyJjbGllbnRfcHJvamVjdF9pZCI6NH0:1uRT0l:x6LIdOn_pRGitcHxZFKLlr3kIBmJ0D2c4Na3RbaYScs	2025-06-17 09:58:47.142774+00
0l1xub1rk7qo1bo71axv6jc1ili87im0	.eJxVjDsOgzAQRO_iOkLxDzuU6XMGa71ewITYkTFVlLsHIhqaKd6bmQ_DOVKq7l3yRFhdDKxTF-ZgraNbFyp_wjg7MQ_4pLSLMEEacoM51RJ9s1eawy7NIwea70f3dDDCMm5riRC0t6AFN72ELW9CaQWGUCgyaHkw17ZFa8l4FAA9Go4ejZayBeG3UwivmNych4GCi4l1taz0_QGqBUh_:1uU7Va:ahCisc4K1Kbw02oUf_xFpHuANIdZxgrdLaKh_4juAV8	2025-06-24 17:37:34.806056+00
f6qcter7xc5sf0jn7yt0se2nlji4eajg	.eJxVjDESgyAURO9CnWECiGDK9DkD8_l8FWMgg1hlcvdoxsZmi_d298NwjpSqe5c8EVYXA7t1F-ZgraNbFyp_wgQ7MQ_4pLSLMEEaMsecaome7xV-2IU_cqD5fnRPByMs47ZWCEF7C1oK0yvYspONbsAQyoYMWhHMtW3RWjIeJUCPRqBHo5VqQfrtFMIrJjfnYaDgYmK3Wlb6_gCt1EiE:1uRYFU:hh_1EBma2SV9phe_EOGg2XEZ3jKWqSmcpeXwWFe18Cs	2025-06-17 15:34:20.047895+00
ol7qmxladbqbd5beh7mweplbm3ujcsig	.eJxVjDsOwyAQRO9CHaEAxktcps8Z0LK7tskHJH-qKHePLblImilm3ry3irguY1xnmWJm1SmjTr9dQnpI2Qe-YxmqplqWKSe9I_pYZ32rLM_rwf4JRpzH7e0I2aeA3hroHW55sY1vEIRsI0DBMJzblkIQSGQRewJDicA716JNmxT5lUt81mEQjrmobplW-XwBT99AoA:1uRnDz:tuZNQb8-LTu3IZIm-UXx1Wgfkq8V4uci1NqBXdN1fAw	2025-06-18 07:33:47.728325+00
io1c8y3gbxoyvsrd1ash1mjzhgcj4p7w	eyJjbGllbnRfcHJvamVjdF9pZCI6MTB9:1uRnMc:TBCRbkeem7Sux2rsVGgkOZ1inJ6_ARdTrYJM_pkEz_c	2025-06-18 07:42:42.134402+00
0yh1b8geby5x9sdgogz6xodcd1mr6tu9	eyJjbGllbnRfcHJvamVjdF9pZCI6N30:1uRq4a:iG4s9FSpYDT3HM0-uJh4soNa36g5O9B3cP9zhkOCvms	2025-06-18 10:36:16.717236+00
drept1xix9c6v26woie0wgvyw8mf5wcz	.eJxVjDsOwyAQRO9CHaEAxktcps8Z0LK7tskHJH-qKHePLblImilm3ry3irguY1xnmWJm1SmjTr9dQnpI2Qe-YxmqplqWKSe9I_pYZ32rLM_rwf4JRpzH7e0I2aeA3hroHW55sY1vEIRsI0DBMJzblkIQSGQRewJDicA716JNmxT5lUt81mEQjrmobplW-XwBT99AoA:1uR5dY:ASpVEzQYWklmhiRV5rhJuiMg_MJxKCre836vKyoWPZk	2025-06-16 09:01:16.299931+00
c5dp5c8zcw0nrhkfzwpewf7qwzilcwgi	.eJxVjDsOwyAQRO9CHaEAxktcps8Z0LK7tskHJH-qKHePLblImilm3ry3irguY1xnmWJm1SmjTr9dQnpI2Qe-YxmqplqWKSe9I_pYZ32rLM_rwf4JRpzH7e0I2aeA3hroHW55sY1vEIRsI0DBMJzblkIQSGQRewJDicA716JNmxT5lUt81mEQjrmobplW-XwBT99AoA:1uUPuH:-NEbQarJpXkoi0_RuIH288kbiLNcJrPq4np4FfxLAe4	2025-06-25 13:16:17.542086+00
hjuci1mg81lc1dgp3lybo3p2kqh39766	.eJxVjDsOwyAQRO9CHaEAxktcps8Z0LK7tskHJH-qKHePLblImilm3ry3irguY1xnmWJm1SmjTr9dQnpI2Qe-YxmqplqWKSe9I_pYZ32rLM_rwf4JRpzH7e0I2aeA3hroHW55sY1vEIRsI0DBMJzblkIQSGQRewJDicA716JNmxT5lUt81mEQjrmobplW-XwBT99AoA:1uR6uZ:WsddVH7daVF-wFvL5V84QwfzLuVwijvRZ85BcBiBSCY	2025-06-16 10:22:55.413461+00
keh3ukxigfjbkxbxyldftd9ut7g7vbt5	.eJxVjDsOwyAQRO9CHaEAxktcps8Z0LK7tskHJH-qKHePLblImilm3ry3irguY1xnmWJm1SmjTr9dQnpI2Qe-YxmqplqWKSe9I_pYZ32rLM_rwf4JRpzH7e0I2aeA3hroHW55sY1vEIRsI0DBMJzblkIQSGQRewJDicA716JNmxT5lUt81mEQjrmobplW-XwBT99AoA:1uTfKl:_FmI_6YxOMW0Whz156PzgDqKT8h4HlLoJVXQJut0MrE	2025-06-23 11:32:31.359227+00
lp5osa2at51zzsehi47ies8qd4rcq5on	.eJxVjDsOwyAQRO9CHaEAxktcps8Z0LK7tskHJH-qKHePLblImilm3ry3irguY1xnmWJm1SmjTr9dQnpI2Qe-YxmqplqWKSe9I_pYZ32rLM_rwf4JRpzH7e0I2aeA3hroHW55sY1vEIRsI0DBMJzblkIQSGQRewJDicA716JNmxT5lUt81mEQjrmobplW-XwBT99AoA:1uYkFC:f7Vd6Tndn9FqZYT1j8g2it-_VmWxM1QMyCshsPk5sf4	2025-07-07 11:47:46.045628+00
9o68zddhqlvm66vmnqrbo6xpsf3l705a	.eJxVjDsOwyAQRO9CHaEAxktcps8Z0LK7tskHJH-qKHePLblImilm3ry3irguY1xnmWJm1SmjTr9dQnpI2Qe-YxmqplqWKSe9I_pYZ32rLM_rwf4JRpzH7e0I2aeA3hroHW55sY1vEIRsI0DBMJzblkIQSGQRewJDicA716JNmxT5lUt81mEQjrmobplW-XwBT99AoA:1uYgMV:0ulPNc5NAXM0q49WqnJEbQZXupyebPNSLRGLXY_mCEQ	2025-07-07 07:39:03.081849+00
7r8xffk828e81w52xul71z3voctlr5kd	.eJxVjDsOwyAQRO9CHaEAxktcps8Z0LK7tskHJH-qKHePLblImilm3ry3irguY1xnmWJm1SmjTr9dQnpI2Qe-YxmqplqWKSe9I_pYZ32rLM_rwf4JRpzH7e0I2aeA3hroHW55sY1vEIRsI0DBMJzblkIQSGQRewJDicA716JNmxT5lUt81mEQjrmobplW-XwBT99AoA:1uYhp3:zdXvbbCeADCmVwnTE3WSQcdKa4_LBYwGgBU0Mnbq8p8	2025-07-07 09:12:37.620555+00
6gnzqdknem3pok7gn9b95wc8u1cvsxzj	.eJxVjDsOwyAQRO9CHaEAxktcps8Z0LK7tskHJH-qKHePLblImilm3ry3irguY1xnmWJm1SmjTr9dQnpI2Qe-YxmqplqWKSe9I_pYZ32rLM_rwf4JRpzH7e0I2aeA3hroHW55sY1vEIRsI0DBMJzblkIQSGQRewJDicA716JNmxT5lUt81mEQjrmobplW-XwBT99AoA:1uXeHu:CmkAcondEq4SLF7Rg_zEkjadc39w2k9TfCe0Nl40beE	2025-07-04 11:14:02.344008+00
16d77h9urj5xd86cwci75t3cj6g1uhk7	eyJjbGllbnRfcHJvamVjdF9pZCI6NH0:1uZTIQ:1OK_ZXdSsue0xGVaikfYw2tGQiMuemMKudUsuddptK8	2025-07-09 11:54:06.49027+00
h6qmok67q8efr5d0wymnmmzcpq0e2ano	.eJxVjDsOwyAQRO9CHaEAxktcps8Z0LK7tskHJH-qKHePLblImilm3ry3irguY1xnmWJm1SmjTr9dQnpI2Qe-YxmqplqWKSe9I_pYZ32rLM_rwf4JRpzH7e0I2aeA3hroHW55sY1vEIRsI0DBMJzblkIQSGQRewJDicA716JNmxT5lUt81mEQjrmobplW-XwBT99AoA:1uXtSc:FhHzGKliq_7YBkhZRnpH3mcb_IBmlnDLtgV5iLPh-RE	2025-07-05 03:26:06.914096+00
8qzmese9pmze2m9k1ficzvsqq9douiiq	.eJxVjDsOwyAQRO9CHaEAxktcps8Z0LK7tskHJH-qKHePLblImilm3ry3irguY1xnmWJm1SmjTr9dQnpI2Qe-YxmqplqWKSe9I_pYZ32rLM_rwf4JRpzH7e0I2aeA3hroHW55sY1vEIRsI0DBMJzblkIQSGQRewJDicA716JNmxT5lUt81mEQjrmobplW-XwBT99AoA:1uXxAS:YRrjJv09O0aHt6gf0A6EBD91eym0cc5zZDF7rArp6_8	2025-07-05 07:23:36.594031+00
kdytppd4m5no428u6j84ygvq6hsztzst	.eJxVjDsOwyAQRO9CHaEAxktcps8Z0LK7tskHJH-qKHePLblImilm3ry3irguY1xnmWJm1SmjTr9dQnpI2Qe-YxmqplqWKSe9I_pYZ32rLM_rwf4JRpzH7e0I2aeA3hroHW55sY1vEIRsI0DBMJzblkIQSGQRewJDicA716JNmxT5lUt81mEQjrmobplW-XwBT99AoA:1uY1Cq:0OLL92PH__eBewdaqggivZ3mMiAZsqFNOsw9F_LC3MA	2025-07-05 11:42:20.178742+00
vwk6zl9et4d7d71xkgxlufli8cgydi6c	.eJxVjDsOgzAQRO_iOkLxDzuU6XMGa71ewITYkTFVlLsHIhqaKd6bmQ_DOVKq7l3yRFhdDKxTF-ZgraNbFyp_wjg7MQ_4pLSLMEEacoM51RJ9s1eawy7NIwea70f3dDDCMm5riRC0t6AFN72ELW9CaQWGUCgyaHkw17ZFa8l4FAA9Go4ejZayBeG3UwivmNych4GCi4l1taz0_QGqBUh_:1uXfIn:IMOR2JJlYc1xKF7OEES6Fjlg7u8ua0m7yV-qzdGqtdg	2025-07-04 12:19:01.627139+00
x4ym9er11ltwnmiosg7pce9wcaylkiin	.eJxVjDsOwyAQRO9CHaEAxktcps8Z0LK7tskHJH-qKHePLblImilm3ry3irguY1xnmWJm1SmjTr9dQnpI2Qe-YxmqplqWKSe9I_pYZ32rLM_rwf4JRpzH7e0I2aeA3hroHW55sY1vEIRsI0DBMJzblkIQSGQRewJDicA716JNmxT5lUt81mEQjrmobplW-XwBT99AoA:1uY3A4:Lub9CKOztMD3F0vZkXSNOwgPuqjcCFjPfs_soBSk6PM	2025-07-05 13:47:36.458804+00
oe1q4bm78mrmerxfudwrr5rvqjj5xcmd	.eJxVjDsOwyAQRO9CHaEAxktcps8Z0LK7tskHJH-qKHePLblImilm3ry3irguY1xnmWJm1SmjTr9dQnpI2Qe-YxmqplqWKSe9I_pYZ32rLM_rwf4JRpzH7e0I2aeA3hroHW55sY1vEIRsI0DBMJzblkIQSGQRewJDicA716JNmxT5lUt81mEQjrmobplW-XwBT99AoA:1uY3Xp:C0emBdfSEKSbydd8R0gCxs-W4UN-005VtxG2KqkDL8o	2025-07-05 14:12:09.121403+00
ntf2fpgms2vqbnpupiazi6j7fqjin0zh	.eJxVjDsOwyAQRO9CHaEAxktcps8Z0LK7tskHJH-qKHePLblImilm3ry3irguY1xnmWJm1SmjTr9dQnpI2Qe-YxmqplqWKSe9I_pYZ32rLM_rwf4JRpzH7e0I2aeA3hroHW55sY1vEIRsI0DBMJzblkIQSGQRewJDicA716JNmxT5lUt81mEQjrmobplW-XwBT99AoA:1uY3hF:37jFbIagjgi6bMoRwsOxz6xbpG4Nh38HfMJMEB0GCgw	2025-07-05 14:21:53.278291+00
jx8xt3gyx045jkpwewr6hrut6gacqjpq	.eJxVjDsOwyAQRO9CHaEAxktcps8Z0LK7tskHJH-qKHePLblImilm3ry3irguY1xnmWJm1SmjTr9dQnpI2Qe-YxmqplqWKSe9I_pYZ32rLM_rwf4JRpzH7e0I2aeA3hroHW55sY1vEIRsI0DBMJzblkIQSGQRewJDicA716JNmxT5lUt81mEQjrmobplW-XwBT99AoA:1uY4BX:2ukD9XQlPEEhqXx9jo85v-jEPWkmoYWrAwiAC9inrcI	2025-07-05 14:53:11.387503+00
pscdsjbhfxkjcgerh62ty63fr1sfx2gr	.eJxVjDsOwyAQRO9CHaEAxktcps8Z0LK7tskHJH-qKHePLblImilm3ry3irguY1xnmWJm1SmjTr9dQnpI2Qe-YxmqplqWKSe9I_pYZ32rLM_rwf4JRpzH7e0I2aeA3hroHW55sY1vEIRsI0DBMJzblkIQSGQRewJDicA716JNmxT5lUt81mEQjrmobplW-XwBT99AoA:1uYfO3:218pB1mbrUgZS1NmO1-_3J3WIh6__pGl0Lt294FY4A8	2025-07-07 06:36:35.552479+00
w584dctp8f7b87y06ne6nu6o2wufkaqx	.eJxVjDsOwyAQRO9CHaEAxktcps8Z0LK7tskHJH-qKHePLblImilm3ry3irguY1xnmWJm1SmjTr9dQnpI2Qe-YxmqplqWKSe9I_pYZ32rLM_rwf4JRpzH7e0I2aeA3hroHW55sY1vEIRsI0DBMJzblkIQSGQRewJDicA716JNmxT5lUt81mEQjrmobplW-XwBT99AoA:1uXfWU:V_lkkZ-3BCiQ1tu5ehR0r6ZHX9LgdDyHvmiuITwUFRw	2025-07-04 12:33:10.197582+00
jxjwbkb941f3m871lrdj22oq34n65tbq	.eJxVjDsOwyAQRO9CHaEAxktcps8Z0LK7tskHJH-qKHePLblImilm3ry3irguY1xnmWJm1SmjTr9dQnpI2Qe-YxmqplqWKSe9I_pYZ32rLM_rwf4JRpzH7e0I2aeA3hroHW55sY1vEIRsI0DBMJzblkIQSGQRewJDicA716JNmxT5lUt81mEQjrmobplW-XwBT99AoA:1uYfda:v38_ISH1dQgAI08rAhMrf7N2LrhCjGHdX9ogZuMuM0Q	2025-07-07 06:52:38.875291+00
huvn34s8du7b9ju4g42g7yp8ms158m0f	.eJxVjDsOwyAQRO9CHaEAxktcps8Z0LK7tskHJH-qKHePLblImilm3ry3irguY1xnmWJm1SmjTr9dQnpI2Qe-YxmqplqWKSe9I_pYZ32rLM_rwf4JRpzH7e0I2aeA3hroHW55sY1vEIRsI0DBMJzblkIQSGQRewJDicA716JNmxT5lUt81mEQjrmobplW-XwBT99AoA:1uYk5R:DvbYzF3dRsslgq9zGCPBLSX_J30-ObNwPjPU65jV5s8	2025-07-07 11:37:41.121378+00
hgav34lekr1qcimg1bywogiichhij90x	.eJxVjDsOgzAQRO_iOkLxDzuU6XMGa71ewITYkTFVlLsHIhqaKd6bmQ_DOVKq7l3yRFhdDKxTF-ZgraNbFyp_wjg7MQ_4pLSLMEEacoM51RJ9s1eawy7NIwea70f3dDDCMm5riRC0t6AFN72ELW9CaQWGUCgyaHkw17ZFa8l4FAA9Go4ejZayBeG3UwivmNych4GCi4l1taz0_QGqBUh_:1uXecZ:uDGlAksDgxOehoKKpAz1WsqxqzQMUi4Ms8o2FufiVX4	2025-07-04 11:35:23.775431+00
2q54hjljcf4cjboewcono6dmu5e883ji	.eJxVjDsOwyAQRO9CHaEAxktcps8Z0LK7tskHJH-qKHePLblImilm3ry3irguY1xnmWJm1SmjTr9dQnpI2Qe-YxmqplqWKSe9I_pYZ32rLM_rwf4JRpzH7e0I2aeA3hroHW55sY1vEIRsI0DBMJzblkIQSGQRewJDicA716JNmxT5lUt81mEQjrmobplW-XwBT99AoA:1uYiTO:_0lUa3Vb-6yRt4GEZ4vOYnpSBj30apjxEKiouuy5fxs	2025-07-07 09:54:18.143146+00
5rg9n9r7y3wx243zai4deu9ly0185a5c	.eJxVjDsOwyAQRO9CHaEAxktcps8Z0LK7tskHJH-qKHePLblImilm3ry3irguY1xnmWJm1SmjTr9dQnpI2Qe-YxmqplqWKSe9I_pYZ32rLM_rwf4JRpzH7e0I2aeA3hroHW55sY1vEIRsI0DBMJzblkIQSGQRewJDicA716JNmxT5lUt81mEQjrmobplW-XwBT99AoA:1uXejI:PbiM-o37g6cwo5oLbKcrYYdl-pJtVh7YFVrfeTiYh4A	2025-07-04 11:42:20.514234+00
2xrq6rlz6mjr3p5l67dwm1ectw3noenf	.eJxVjDsOwyAQRO9CHaEAxktcps8Z0LK7tskHJH-qKHePLblImilm3ry3irguY1xnmWJm1SmjTr9dQnpI2Qe-YxmqplqWKSe9I_pYZ32rLM_rwf4JRpzH7e0I2aeA3hroHW55sY1vEIRsI0DBMJzblkIQSGQRewJDicA716JNmxT5lUt81mEQjrmobplW-XwBT99AoA:1uYg7L:1AF9z2o4qCsyQmgYjbntX3ouxlugt3dpLKEv1lWJ0kc	2025-07-07 07:23:23.093459+00
0msdg0qhem5059x9ro8yeyfm7i8nsvg5	.eJxVjDsOwyAQRO9CHaEAxktcps8Z0LK7tskHJH-qKHePLblImilm3ry3irguY1xnmWJm1SmjTr9dQnpI2Qe-YxmqplqWKSe9I_pYZ32rLM_rwf4JRpzH7e0I2aeA3hroHW55sY1vEIRsI0DBMJzblkIQSGQRewJDicA716JNmxT5lUt81mEQjrmobplW-XwBT99AoA:1uYg7p:JqIG06RSFVijeTcNdLmaV7vM9ocFwUVgCgAjxZboieU	2025-07-07 07:23:53.748989+00
6m4980oyb786oqr5hrzx9btx2u9xa1v9	eyJjbGllbnRfcHJvamVjdF9pZCI6NH0:1uXexx:TG9kSdIWK1U51cgK_AKPv0w57xVAdszrGBOCnqXl0Lw	2025-07-04 11:57:29.849218+00
3ookgmvm6dhbvdoij2e5tqnf9drpiebp	.eJxVjDsOgzAQRO_iOkLxDzuU6XMGa71ewITYkTFVlLsHIhqaKd6bmQ_DOVKq7l3yRFhdDKxTF-ZgraNbFyp_wjg7MQ_4pLSLMEEacoM51RJ9s1eawy7NIwea70f3dDDCMm5riRC0t6AFN72ELW9CaQWGUCgyaHkw17ZFa8l4FAA9Go4ejZayBeG3UwivmNych4GCi4l1taz0_QGqBUh_:1uXf7F:7UUyIHxkYDGc_YNR5dWNSq_I0OpcfbuQlg3Dy_plG7c	2025-07-04 12:07:05.303053+00
ajnh6bqvscp7rah9qwvdwm95n6azgchd	.eJxVjDsOwyAQRO9CHaEAxktcps8Z0LK7tskHJH-qKHePLblImilm3ry3irguY1xnmWJm1SmjTr9dQnpI2Qe-YxmqplqWKSe9I_pYZ32rLM_rwf4JRpzH7e0I2aeA3hroHW55sY1vEIRsI0DBMJzblkIQSGQRewJDicA716JNmxT5lUt81mEQjrmobplW-XwBT99AoA:1uYjql:AuL11xaA28MLXOGiRFsND46gE8TP7VRMoRILdGXwPKE	2025-07-07 11:22:31.207559+00
z31pf1wrh9pdt15a4jq4bdw3njoyzkh2	.eJxVjDsOwyAQRO9CHaEAxktcps8Z0LK7tskHJH-qKHePLblImilm3ry3irguY1xnmWJm1SmjTr9dQnpI2Qe-YxmqplqWKSe9I_pYZ32rLM_rwf4JRpzH7e0I2aeA3hroHW55sY1vEIRsI0DBMJzblkIQSGQRewJDicA716JNmxT5lUt81mEQjrmobplW-XwBT99AoA:1uaOHd:tFPFobX_cFlfJ0unrhFkYY8XwolyvFkhAY27Cyk1eMI	2025-07-12 00:45:05.670561+00
h43qsair2f71r9y3m8r73sef46ntidv7	.eJxVjDsOwyAQRO9CHaEAxktcps8Z0LK7tskHJH-qKHePLblImilm3ry3irguY1xnmWJm1SmjTr9dQnpI2Qe-YxmqplqWKSe9I_pYZ32rLM_rwf4JRpzH7e0I2aeA3hroHW55sY1vEIRsI0DBMJzblkIQSGQRewJDicA716JNmxT5lUt81mEQjrmobplW-XwBT99AoA:1uZ5ZC:EhoqDMyoy1Q1zRrB75mhfSiR7_lm2DNnAyJH4WiA7L0	2025-07-08 10:33:50.295068+00
e26jmd3s05y29bmz231oiawl1mulq9nw	.eJxVjDsOwyAQRO9CHaEAxktcps8Z0LK7tskHJH-qKHePLblImilm3ry3irguY1xnmWJm1SmjTr9dQnpI2Qe-YxmqplqWKSe9I_pYZ32rLM_rwf4JRpzH7e0I2aeA3hroHW55sY1vEIRsI0DBMJzblkIQSGQRewJDicA716JNmxT5lUt81mEQjrmobplW-XwBT99AoA:1uZSAV:7fTqfILgwC1RLrjZq7cymqDchB9CoRi13_MasaAasts	2025-07-09 10:41:51.782918+00
68v0sfrwgtw7jwu2xiw7d66vk78ge62u	eyJjbGllbnRfcHJvamVjdF9pZCI6NH0:1uZXbB:PPaJidbzHOhc2IsKzBcCnK8ZBb_E3sJjpw6VuFTGUVo	2025-07-09 16:29:45.782229+00
6icvkhfbeow3lyxhzkmseubloxopyztg	.eJxVjDsOwjAQRO_iGln4u4aSPmewdtcODiBbipMKcXcSKQU0U8x7M28RcV1KXHue45TEVShx-u0I-ZnrDtID671JbnWZJ5K7Ig_a5dBSft0O9--gYC_b2jAmRwGdVjAa3PKirbMImbXNwEElOHvPIWQg1ogjg2JicMZ41CQ-X-TIOCY:1uYkNH:uDmejUEXv9NjSNuhQtED-vLD6M3HihzThaM0FyDKU10	2025-07-07 11:56:07.632308+00
ds287rxf7j3mwb0vq2bo3lr0mxkrnyxe	.eJxVjDsOgzAQRO_iOrLiH-ukTJ8zWOv1EiDIRmCqKHcPRDQ0U7x5Mx9BY8-5hmkuA1MNfRJ3exEB19qFdeH5T4QSJxaR3pz3Ig2YX0VSyXXuo9wVebSLfJbE4-NwTwcdLt22NoTJRY9OK2gNbnnT1lkEJm0ZyKsE16Yh7xkiacSWQFEkcMY0qKP4_gCJ5UAF:1uZ5qV:Kjs_kszeRK_yZqc7UdDFSD8w6M19Hmf_jAKjz4e58XA	2025-07-08 10:51:43.233251+00
qum6873d9kfsznli43is8b4sxil4g216	.eJxVjDsOwyAQRO9CHaEAxktcps8Z0LK7tskHJH-qKHePLblImilm3ry3irguY1xnmWJm1SmjTr9dQnpI2Qe-YxmqplqWKSe9I_pYZ32rLM_rwf4JRpzH7e0I2aeA3hroHW55sY1vEIRsI0DBMJzblkIQSGQRewJDicA716JNmxT5lUt81mEQjrmobplW-XwBT99AoA:1uZKKg:yEzDa3G9xDK0lHFhCEQ1kwVeRCfmcJ48O6zaY19e7vw	2025-07-09 02:19:50.325068+00
0m0m68c5hu8ok32hemliolhphsx363wy	.eJxVjDsOgzAQRO_iOrLiH-ukTJ8zWOv1EiDIRmCqKHcPRDQ0U7x5Mx9BY8-5hmkuA1MNfRJ3exEB19qFdeH5T4QSJxaR3pz3Ig2YX0VSyXXuo9wVebSLfJbE4-NwTwcdLt22NoTJRY9OK2gNbnnT1lkEJm0ZyKsE16Yh7xkiacSWQFEkcMY0qKP4_gCJ5UAF:1uZlRB:xG5P0C3My_d-63RihuBYaSlbU0ZKVTw9r7Gtvug3mi0	2025-07-10 07:16:21.872237+00
whk5i7621b2gdlo5077w6sjxny0qgqn7	.eJxVjDsOwyAQRO9CHaEAxktcps8Z0LK7tskHJH-qKHePLblImilm3ry3irguY1xnmWJm1SmjTr9dQnpI2Qe-YxmqplqWKSe9I_pYZ32rLM_rwf4JRpzH7e0I2aeA3hroHW55sY1vEIRsI0DBMJzblkIQSGQRewJDicA716JNmxT5lUt81mEQjrmobplW-XwBT99AoA:1uZKru:5PsKvM8umgxsiAWJbGNac_5h0RA2v0jGzCKMEg90ltU	2025-07-09 02:54:10.532035+00
qfqvluhtq2qgsw8oh70e6bb9ydeo9ql1	.eJxVjDsOwyAQRO9CHaEAxktcps8Z0LK7tskHJH-qKHePLblImilm3ry3irguY1xnmWJm1SmjTr9dQnpI2Qe-YxmqplqWKSe9I_pYZ32rLM_rwf4JRpzH7e0I2aeA3hroHW55sY1vEIRsI0DBMJzblkIQSGQRewJDicA716JNmxT5lUt81mEQjrmobplW-XwBT99AoA:1uZp6P:IhyeDHBbXWEFSvGGZb2D8i96feMcoEa7BWFWFgBWW4o	2025-07-10 11:11:09.083964+00
h275fktso3wrc9j1ng8rpflkv85tjiwh	.eJxVjDsOwyAQRO9CHaEAxktcps8Z0LK7tskHJH-qKHePLblImilm3ry3irguY1xnmWJm1SmjTr9dQnpI2Qe-YxmqplqWKSe9I_pYZ32rLM_rwf4JRpzH7e0I2aeA3hroHW55sY1vEIRsI0DBMJzblkIQSGQRewJDicA716JNmxT5lUt81mEQjrmobplW-XwBT99AoA:1uYl89:5DYwQ-BAU85B68DAzMU-hFot_-fx-Yslg8NYZaaLKZY	2025-07-07 12:44:33.942892+00
8adqfgq0ed0mocy7xduii2rpex949e8g	.eJxVjDsOwyAQRO9CHaEAxktcps8Z0LK7tskHJH-qKHePLblImilm3ry3irguY1xnmWJm1SmjTr9dQnpI2Qe-YxmqplqWKSe9I_pYZ32rLM_rwf4JRpzH7e0I2aeA3hroHW55sY1vEIRsI0DBMJzblkIQSGQRewJDicA716JNmxT5lUt81mEQjrmobplW-XwBT99AoA:1uYlZC:7eorOgF2L-EL_AItv_vZxvIpD9fIAmksH8-Gb0Tu6I8	2025-07-07 13:12:30.305883+00
wsq8gihvzo6eg6bkjdavtb56ztmypd3v	.eJxVjDsOgzAQRO_iOkLxDzuU6XMGa71ewITYkTFVlLsHIhqaKd6bmQ_DOVKq7l3yRFhdDKxTF-ZgraNbFyp_wjg7MQ_4pLSLMEEacoM51RJ9s1eawy7NIwea70f3dDDCMm5riRC0t6AFN72ELW9CaQWGUCgyaHkw17ZFa8l4FAA9Go4ejZayBeG3UwivmNych4GCi4l1taz0_QGqBUh_:1ua6wd:7NQdoz2tCbYemBqMw7FzNsd5Dsf3N-b07vD-g15fTjY	2025-07-11 06:14:15.937562+00
3yfdj4h462d5ulmhuwnkfjv8pchy6l5w	.eJxVjDsOwyAQRO9CHaEAxktcps8Z0LK7tskHJH-qKHePLblImilm3ry3irguY1xnmWJm1SmjTr9dQnpI2Qe-YxmqplqWKSe9I_pYZ32rLM_rwf4JRpzH7e0I2aeA3hroHW55sY1vEIRsI0DBMJzblkIQSGQRewJDicA716JNmxT5lUt81mEQjrmobplW-XwBT99AoA:1uYlyq:qmhl0j9FHQYqknsBoXxI6QlT-hYYrcMIPE_sOFs7cWo	2025-07-07 13:39:00.19468+00
z12pd9tyusd7d00sphjpsyrsxuqe1kcp	.eJxVjsEOwiAQRP-FsyEChUWP3v0Gsixb29pA09KT8d9tTQ96mcPMm8m8RMC1dmFdeA59ElehxOnXi0hPznuQBsyPIqnkOvdR7og80kXeS-LxdrB_Ax0u3dY2hMlGj1YraA1uetGNbRCYdMNAXiU4O0feM0TSiC2BokhgjXGo4zZKY8-5hmkuA1P9vlXu_QFRYEA4:1ua7KA:O7ilcvmIJPn3WE2A9fpwLYdmDWdv_NP9o4fG0HaZvbo	2025-07-11 06:38:34.904346+00
kd8en752egw63e9pcxvmqy851aewspk0	.eJxVjDsOwyAQRO9CHaEAxktcps8Z0LK7tskHJH-qKHePLblImilm3ry3irguY1xnmWJm1SmjTr9dQnpI2Qe-YxmqplqWKSe9I_pYZ32rLM_rwf4JRpzH7e0I2aeA3hroHW55sY1vEIRsI0DBMJzblkIQSGQRewJDicA716JNmxT5lUt81mEQjrmobplW-XwBT99AoA:1uZLpf:57EaCZ1UMYM5ZpGb6eVuPlF1VQf1jLZH7OScW3nReJk	2025-07-09 03:55:55.782632+00
x1hk1ajsdxckdncxuk7vkduw9ejinleh	.eJxVjDsOwyAQRO9CHaEAxktcps8Z0LK7tskHJH-qKHePLblImilm3ry3irguY1xnmWJm1SmjTr9dQnpI2Qe-YxmqplqWKSe9I_pYZ32rLM_rwf4JRpzH7e0I2aeA3hroHW55sY1vEIRsI0DBMJzblkIQSGQRewJDicA716JNmxT5lUt81mEQjrmobplW-XwBT99AoA:1uZrXV:edQZ5gw92QyJstHjyPoUIy71SZX_Evu1_4QoLMIJUZ8	2025-07-10 13:47:17.133835+00
n7r1kx0ql0zgwqrlvws5s68d69n06f85	.eJxVjDsOwyAQRO9CHaEAxktcps8Z0LK7tskHJH-qKHePLblImilm3ry3irguY1xnmWJm1SmjTr9dQnpI2Qe-YxmqplqWKSe9I_pYZ32rLM_rwf4JRpzH7e0I2aeA3hroHW55sY1vEIRsI0DBMJzblkIQSGQRewJDicA716JNmxT5lUt81mEQjrmobplW-XwBT99AoA:1uZtEI:HxQP6O408DNhL1PoPQaRQvqrCE7WBGOOhutmMGMwu38	2025-07-10 15:35:34.592077+00
z3t9ex03wiuit1ru4xtcjuq115gbydys	.eJxVjDsOwyAQRO9CHaEAxktcps8Z0LK7tskHJH-qKHePLblImilm3ry3irguY1xnmWJm1SmjTr9dQnpI2Qe-YxmqplqWKSe9I_pYZ32rLM_rwf4JRpzH7e0I2aeA3hroHW55sY1vEIRsI0DBMJzblkIQSGQRewJDicA716JNmxT5lUt81mEQjrmobplW-XwBT99AoA:1uZMDK:HCTkWjNf9ISyACz-GP9QOYmYIofsxDVWmzdVg5zyAqs	2025-07-09 04:20:22.375345+00
s5x5nww3axddvqczebvdz206gcrgt15i	.eJxVjDsOwyAQRO9CHaEAxktcps8Z0LK7tskHJH-qKHePLblImilm3ry3irguY1xnmWJm1SmjTr9dQnpI2Qe-YxmqplqWKSe9I_pYZ32rLM_rwf4JRpzH7e0I2aeA3hroHW55sY1vEIRsI0DBMJzblkIQSGQRewJDicA716JNmxT5lUt81mEQjrmobplW-XwBT99AoA:1uZNMu:KObOymp91M8IGBReCjBP5nEDb1qKE_EQl7f_pG6V_8M	2025-07-09 05:34:20.389375+00
3nye12b56sabt88zokey8qaaqbd2835f	.eJxVjDsOwyAQRO9CHaEAxktcps8Z0LK7tskHJH-qKHePLblImilm3ry3irguY1xnmWJm1SmjTr9dQnpI2Qe-YxmqplqWKSe9I_pYZ32rLM_rwf4JRpzH7e0I2aeA3hroHW55sY1vEIRsI0DBMJzblkIQSGQRewJDicA716JNmxT5lUt81mEQjrmobplW-XwBT99AoA:1uZlA4:8F7hG8ncmygfRpqkXaohIKe7o0SNlnHcWncQkygu6zE	2025-07-10 06:58:40.004067+00
30qm72y3d6903wv42us6w2fbmc71skek	.eJxVjDsOwjAQRO_iGln4u4aSPmewdtcODiBbipMKcXcSKQU0U8x7M28RcV1KXHue45TEVShx-u0I-ZnrDtID671JbnWZJ5K7Ig_a5dBSft0O9--gYC_b2jAmRwGdVjAa3PKirbMImbXNwEElOHvPIWQg1ogjg2JicMZ41CQ-X-TIOCY:1uYlDN:ZUmXcgu-l2FHYQGYe4ElaSYklensOa4qn38XX3-cPss	2025-07-07 12:49:57.096087+00
d2rg4qtyo5kkx5i79xljzc1timgq86v3	.eJxVjDsOwyAQRO9CHaEAxktcps8Z0LK7tskHJH-qKHePLblImilm3ry3irguY1xnmWJm1SmjTr9dQnpI2Qe-YxmqplqWKSe9I_pYZ32rLM_rwf4JRpzH7e0I2aeA3hroHW55sY1vEIRsI0DBMJzblkIQSGQRewJDicA716JNmxT5lUt81mEQjrmobplW-XwBT99AoA:1uZ4yl:pT7y2S_MI_DZU67WzXuR9NJWcvTR3Wz68b5a-KVoehU	2025-07-08 09:56:11.50694+00
5f9nk7jbybteregcz79regaita0y6vx7	.eJxVjDsOwyAQRO9CHaEAxktcps8Z0LK7tskHJH-qKHePLblImilm3ry3irguY1xnmWJm1SmjTr9dQnpI2Qe-YxmqplqWKSe9I_pYZ32rLM_rwf4JRpzH7e0I2aeA3hroHW55sY1vEIRsI0DBMJzblkIQSGQRewJDicA716JNmxT5lUt81mEQjrmobplW-XwBT99AoA:1uYkUa:IBmpzVPmNZz8GxLCtdgGYnIxjGJH9PRYR-c9tt9CJ9E	2025-07-07 12:03:40.222278+00
9c9vw0lz2zfzurksaa0xxwmftltubz5e	.eJxVjDsOwyAQRO9CHaEAxktcps8Z0LK7tskHJH-qKHePLblImilm3ry3irguY1xnmWJm1SmjTr9dQnpI2Qe-YxmqplqWKSe9I_pYZ32rLM_rwf4JRpzH7e0I2aeA3hroHW55sY1vEIRsI0DBMJzblkIQSGQRewJDicA716JNmxT5lUt81mEQjrmobplW-XwBT99AoA:1uZL42:HtUg6kzlMNEV0MH-ZqLt76Lidxq8f_tD-TevIdfbWz4	2025-07-09 03:06:42.196567+00
bxuvucntqyqcw4htduh3mvzkg32uyhta	eyJjbGllbnRfcHJvamVjdF9pZCI6NH0:1uZTB0:9OpPtkGD3IYBwXz9wgmDhQ7LT0CiekEuaHvdQFKJ4dk	2025-07-09 11:46:26.11327+00
qz1vsso640qm3ddvg1rf4k57q9bhq479	.eJxVjDsOwyAQRO9CHaEAxktcps8Z0LK7tskHJH-qKHePLblImilm3ry3irguY1xnmWJm1SmjTr9dQnpI2Qe-YxmqplqWKSe9I_pYZ32rLM_rwf4JRpzH7e0I2aeA3hroHW55sY1vEIRsI0DBMJzblkIQSGQRewJDicA716JNmxT5lUt81mEQjrmobplW-XwBT99AoA:1uZpoD:DLSORZMrgwVB7eZvsXAzOuhqWQPynT_oqVEJZ-ZY0yc	2025-07-10 11:56:25.605984+00
d1thv1mf7zjlj3ngcd2r8h0mou666fdm	.eJxVjDsOwyAQRO9CHaEAxktcps8Z0LK7tskHJH-qKHePLblImilm3ry3irguY1xnmWJm1SmjTr9dQnpI2Qe-YxmqplqWKSe9I_pYZ32rLM_rwf4JRpzH7e0I2aeA3hroHW55sY1vEIRsI0DBMJzblkIQSGQRewJDicA716JNmxT5lUt81mEQjrmobplW-XwBT99AoA:1uZMKv:ToB29qkkxGn7WTeAMp0lan4ErCQuziuLxPjQdnpM5ts	2025-07-09 04:28:13.19232+00
bvagsdfs6j2bvvbrig82s2ickd2bnu9f	.eJxVjDsOwyAQRO9CHaEAxktcps8Z0LK7tskHJH-qKHePLblImilm3ry3irguY1xnmWJm1SmjTr9dQnpI2Qe-YxmqplqWKSe9I_pYZ32rLM_rwf4JRpzH7e0I2aeA3hroHW55sY1vEIRsI0DBMJzblkIQSGQRewJDicA716JNmxT5lUt81mEQjrmobplW-XwBT99AoA:1uYlkT:osYf0PLGSkWAckgo-Ny-FeBQ3ligf2-2rSXV3eezE9Q	2025-07-07 13:24:09.819966+00
smv1s7dm26k4ie428rhn2j1hmkky9ts1	eyJjbGllbnRfcHJvamVjdF9pZCI6MTN9:1uZO2p:V1nr_iu8d8ARTnOzPAbPS9sGbM21z7fPirpMSkwTAQA	2025-07-09 06:17:39.285179+00
niijo2speuee94vra3toieghp8201eyp	.eJxVjDsOwyAQRO9CHaEAxktcps8Z0LK7tskHJH-qKHePLblImilm3ry3irguY1xnmWJm1SmjTr9dQnpI2Qe-YxmqplqWKSe9I_pYZ32rLM_rwf4JRpzH7e0I2aeA3hroHW55sY1vEIRsI0DBMJzblkIQSGQRewJDicA716JNmxT5lUt81mEQjrmobplW-XwBT99AoA:1uZrcX:aDCS_5uvXeF7Tq-C6CukeJxQNPxZxwKciN7ls_mnvV0	2025-07-10 13:52:29.026364+00
oqxmle02mcn2dtk15n06u7gazl4q8o1e	.eJxVjDsOwyAQRO9CHaEAxktcps8Z0LK7tskHJH-qKHePLblImilm3ry3irguY1xnmWJm1SmjTr9dQnpI2Qe-YxmqplqWKSe9I_pYZ32rLM_rwf4JRpzH7e0I2aeA3hroHW55sY1vEIRsI0DBMJzblkIQSGQRewJDicA716JNmxT5lUt81mEQjrmobplW-XwBT99AoA:1uZS6k:SEmzMlJ5s-H_RI03GcYkSBLjLQW2U-qsarmrgLJbsFc	2025-07-09 10:37:58.489922+00
zgdrpt1fahcap8h6oax881tvfx85tnoz	.eJxVjr0OwjAQg98lM4rIXy8wsvMM0eVypS1VUrXphHh3WtQBFg_2Z8svEXCtXVgXnkOfxFUocfr1ItKT8x6kAfOjSCq5zn2UOyKPdJH3kni8HezfQIdLt7UNYXLRo9MKWoObXrR1FoFJWwbyKsG5ach7hkgasSVQFAmcMQ3quI3S2HOuYZrLwFS_b-37AxF1QAU:1uZkOg:ivac1VCpb9URUjZa3HrOIHOtOm-AWrDFGfWl3pkVSnw	2025-07-10 06:09:42.369046+00
9bu9ocv1xzo126vp7phq62yf31472tfo	eyJjbGllbnRfcHJvamVjdF9pZCI6NH0:1uZSyK:TqpOWktsc0mBIXo2-nW7feUvFhgpW47O-QV1Ae0v2MY	2025-07-09 11:33:20.636275+00
5vo7copyq22vx3fao8pwvn2yktsjln30	.eJxVjDsOwyAQRO9CHaEAxktcps8Z0LK7tskHJH-qKHePLblImilm3ry3irguY1xnmWJm1SmjTr9dQnpI2Qe-YxmqplqWKSe9I_pYZ32rLM_rwf4JRpzH7e0I2aeA3hroHW55sY1vEIRsI0DBMJzblkIQSGQRewJDicA716JNmxT5lUt81mEQjrmobplW-XwBT99AoA:1uZKQj:M-qyuLJ-wJ1K6hDz9AIdXDgcwJSolsjGGFyN59eMUnA	2025-07-09 02:26:05.43903+00
eqx717g14rwmna3rqr6jom9r5zax9cdf	eyJjbGllbnRfcHJvamVjdF9pZCI6NH0:1ua6gS:4FkPoMlov_XgpDDpkmDRUHW8JhDlHovLsC-PvrtYhaI	2025-07-11 05:57:32.648348+00
uxxr1tiept2pohdj0veszzoooj3ech0a	.eJxVjDsOwyAQRO9CHaEAxktcps8Z0LK7tskHJH-qKHePLblImilm3ry3irguY1xnmWJm1SmjTr9dQnpI2Qe-YxmqplqWKSe9I_pYZ32rLM_rwf4JRpzH7e0I2aeA3hroHW55sY1vEIRsI0DBMJzblkIQSGQRewJDicA716JNmxT5lUt81mEQjrmobplW-XwBT99AoA:1uZ6Ko:-H8CBS-tD-uLNabwKrN6ZMF1abBiNnqQj1XYexuQd3Y	2025-07-08 11:23:02.508828+00
juyhg8x2rben753lhmvp06ja8gacntd8	.eJxVjDsOwyAQRO9CHaEAxktcps8Z0LK7tskHJH-qKHePLblImilm3ry3irguY1xnmWJm1SmjTr9dQnpI2Qe-YxmqplqWKSe9I_pYZ32rLM_rwf4JRpzH7e0I2aeA3hroHW55sY1vEIRsI0DBMJzblkIQSGQRewJDicA716JNmxT5lUt81mEQjrmobplW-XwBT99AoA:1uZMQz:vtB9Vp566j1ldHOu2GTysqAdl8xUElLbGDqhO4wm9aA	2025-07-09 04:34:29.194241+00
eg3y964a4qjz2dzng0tggzi9gji6w2kj	.eJxVjDsOwyAQRO9CHaEAxktcps8Z0LK7tskHJH-qKHePLblImilm3ry3irguY1xnmWJm1SmjTr9dQnpI2Qe-YxmqplqWKSe9I_pYZ32rLM_rwf4JRpzH7e0I2aeA3hroHW55sY1vEIRsI0DBMJzblkIQSGQRewJDicA716JNmxT5lUt81mEQjrmobplW-XwBT99AoA:1uYkdb:R82FIcWF4-NGTOepWwQEdgkZ1tE9gX5hGdLzReHslwQ	2025-07-07 12:12:59.394843+00
zhzxzwzrd6nyxebklkbz5w6md9zn4zz1	.eJxVjDsOwyAQRO9CHaEAxktcps8Z0LK7tskHJH-qKHePLblImilm3ry3irguY1xnmWJm1SmjTr9dQnpI2Qe-YxmqplqWKSe9I_pYZ32rLM_rwf4JRpzH7e0I2aeA3hroHW55sY1vEIRsI0DBMJzblkIQSGQRewJDicA716JNmxT5lUt81mEQjrmobplW-XwBT99AoA:1uYlQD:8MRp_dqZmRzxTc17SzsU9oNERzWQRlVpb4ONuch2Za0	2025-07-07 13:03:13.379039+00
g3utk2l60e4u6mgqjyd88v2w93f8ou2e	.eJxVjDsOgzAQRO_iOkLxDzuU6XMGa71ewITYkTFVlLsHIhqaKd6bmQ_DOVKq7l3yRFhdDKxTF-ZgraNbFyp_wjg7MQ_4pLSLMEEacoM51RJ9s1eawy7NIwea70f3dDDCMm5riRC0t6AFN72ELW9CaQWGUCgyaHkw17ZFa8l4FAA9Go4ejZayBeG3UwivmNych4GCi4l1taz0_QGqBUh_:1uZkuJ:xZO93am73FG9Xud3AnCZkND_E4cX2UdWpsBo8Rjt6kw	2025-07-10 06:42:23.347092+00
nfwp9nuvqfijx2lansde004quxopkqt7	eyJjbGllbnRfcHJvamVjdF9pZCI6NH0:1ua3cX:yJhfu-tm5OgR82-C2gZ6ZWgfjVX3JNxhSAunSL87e84	2025-07-11 02:41:17.460218+00
j13m7hrex9cep0ncqbqfxvee0kdpisks	.eJxVjDsOwyAQRO9CHaEAxktcps8Z0LK7tskHJH-qKHePLblImilm3ry3irguY1xnmWJm1SmjTr9dQnpI2Qe-YxmqplqWKSe9I_pYZ32rLM_rwf4JRpzH7e0I2aeA3hroHW55sY1vEIRsI0DBMJzblkIQSGQRewJDicA716JNmxT5lUt81mEQjrmobplW-XwBT99AoA:1uZLNM:3VLtpCRl5RYIFS-F1Q7kr0J3Y4gJYfSlafTIptHC8Zg	2025-07-09 03:26:40.431076+00
r7smwaeehdlkgz3g5tbbzd9xbiugvf40	eyJjbGllbnRfcHJvamVjdF9pZCI6MTN9:1uZLpv:pd40BED1x8wgxTrJIpzGYN4CP1t9KWpv9Ldw5_OqxxI	2025-07-09 03:56:11.008431+00
5jdry8u6ycixq74o3imoacpgxv93zdc5	.eJxVjDsOwyAQRO9CHaEAxktcps8Z0LK7tskHJH-qKHePLblImilm3ry3irguY1xnmWJm1SmjTr9dQnpI2Qe-YxmqplqWKSe9I_pYZ32rLM_rwf4JRpzH7e0I2aeA3hroHW55sY1vEIRsI0DBMJzblkIQSGQRewJDicA716JNmxT5lUt81mEQjrmobplW-XwBT99AoA:1uYltA:C2T2PF9vfhGpSXpjumSajuPbzRNoc7EHQBYV7Xhe03g	2025-07-07 13:33:08.552846+00
pzssobznhxqnoz3vhwqp5s5jh3xqvc1g	.eJxVjLsSgyAURP-FOuMEkEcs0-cbmMvlqhgDGcQqk3-PZmxstjhndz8M50ipunfJE2F1MbCO6wtzsNbRrQuVP2KcnZgHfFLaRZggDbnBnGqJvtkrzWGX5pEDzfejezoYYRm3tUQIyltQgptewpY30aoWDKFoyaDlwVy1RmvJeBQAPRqOHo2SUoPw2ymEV0xuzsNAwcXEulpW-v4A2QpIsg:1ua7TJ:MxrwnV-jZvS9Php_YumXvFBu945qoFZ-VvHHLMjXID8	2025-07-11 06:48:01.782091+00
\.


--
-- Data for Name: projects_customproject; Type: TABLE DATA; Schema: public; Owner: billinguser
--

COPY public.projects_customproject (id, name, client_name) FROM stdin;
\.


--
-- Data for Name: projects_dailyexpense; Type: TABLE DATA; Schema: public; Owner: billinguser
--

COPY public.projects_dailyexpense (id, description, amount, project_id, date, category, remark) FROM stdin;
\.


--
-- Data for Name: projects_expense; Type: TABLE DATA; Schema: public; Owner: billinguser
--

COPY public.projects_expense (id, description, amount, project_id, area, rate, note, date, unit) FROM stdin;
9	TILE	2000000.00	4	2000.00	1000.00		2025-06-05	SQ.FT
10	Ground Floor	2764580.00	5	1274.00	2170.00		2025-06-09	Sq.Ft
11	Septic Tank	68000.00	5	4000.00	17.00		2025-06-09	Litter
12	Set Back	140000.00	5	700.00	200.00		2025-06-09	Sq.Ft
13	Basement 1ft height	101920.00	5	1274.00	80.00		2025-06-09	Sq.Ft
14	Readymade Compound-7ft (approximate)	96390.00	5	1134.00	85.00		2025-06-09	Sq.Ft
15	Brick Compound	113400.00	5	42.00	2700.00		2025-06-09	RFT
16	Structure For 2nd Floor	96340.00	5	1.00	1.00		2025-06-09	L.S
17	Ground Floor	2874020.00	6	1343.00	2140.00		2025-06-13	sq.ft
18	First Floor	2806870.00	6	1343.00	2090.00		2025-06-13	sq.ft
19	Second Floor	1174580.00	6	562.00	2090.00		2025-06-13	sq.ft
20	Compound Wall	410000.00	6	164.00	2500.00		2025-06-13	RFT
71	Set Back	83550.00	11	557.00	150.00		2025-06-25	Sq.Ft
22	FF Roof 1ft Height	100000.00	6	1.00	100000.00		2025-06-13	sq.ft
21	GF Roof 1ft Height	100000.00	6	1.00	100000.00		2025-06-13	sq.ft
23	Inside Staircase GF-FF	60000.00	6	1.00	60000.00		2025-06-13	sq.ft
24	Inside Staircase FF-SF	60000.00	6	1.00	60000.00		2025-06-13	Sq.ft
25	Setback	40440.00	6	337.00	120.00		2025-06-13	sq.ft
26	Main Structure escalation	134500.00	6	1.00	134500.00		2025-06-13	sq.ft
27	Material Escalation	162400.00	6	3248.00	50.00		2025-06-13	sq.ft
28	JCP for EB Work	4500.00	6	1.00	4500.00		2025-06-13	L.S
29	Ground Floor	4000500.00	7	1905.00	2100.00		2025-06-13	Sq.ft
30	First Floor	2771600.00	7	1352.00	2050.00		2025-06-13	Sq.ft
31	Setback	123750.00	7	495.00	250.00		2025-06-13	Sq.ft
32	Compound Wall 5ft Height	460000.00	7	200.00	2300.00		2025-06-13	RFT
33	GF Roof 1ft Height	76200.00	7	1905.00	40.00		2025-06-13	Sq.ft
34	WPC Door	35000.00	7	5.00	7000.00		2025-06-13	Nos
36	Basement Height 1.5Ft	250000.00	7	1.00	250000.00		2025-06-13	L.S
37	Material Escalation	210000.00	7	1.00	210000.00		2025-06-13	L.S
38	Ground Floor	2340385.00	8	1115.00	2099.00		2025-06-13	Sq.ft
39	First Floor	873184.00	8	416.00	2099.00		2025-06-13	Sq.ft
40	Septic Tank	59500.00	8	3500.00	17.00		2025-06-13	Litter
41	Front Set back	48840.00	8	222.00	220.00		2025-06-13	Sq.ft
42	Side Set Back	38720.00	8	176.00	220.00		2025-06-13	Sq.Ft
44	Front Compound	52500.00	8	21.00	2500.00		2025-06-13	RFT
45	Pile Foundation Escalation	348196.00	8	1.00	348196.00		2025-06-13	L.S
73	Basement	47150.00	11	943.00	50.00		2025-06-25	Sqft
43	Back set back	38720.00	8	176.00	220.00		2025-06-13	SQ.Ft
46	Material Escalation	60000.00	8	1.00	60000.00		2025-06-13	L.S
47	Out side toilet Roof	10000.00	8	1.00	10000.00		2025-06-13	L.S
48	Ground Floor	2946860.00	9	1358.00	2170.00		2025-06-17	Sq.Ft
49	Staircase Head Room	230000.00	9	115.00	2000.00		2025-06-17	Sq.Ft
50	Set Back ( Cement Finish)	81000.00	9	324.00	250.00		2025-06-17	Sq.Ft
51	Brick Compound 6ft	88800.00	9	37.00	2400.00		2025-06-17	RFT
52	Ready Compound (53.5Rft x 6ft)	32100.00	9	321.00	100.00		2025-06-17	RFT
53	Ground Floor	4242000.00	10	2020.00	2100.00		2025-06-17	Sq.Ft
54	Staircase Inside	146000.00	10	73.00	2000.00		2025-06-17	Sq.Ft
55	Balcony (57)/Parking(297)	708000.00	10	354.00	2000.00		2025-06-17	Sq.Ft
56	First Floor	4551000.00	10	2220.00	2050.00		2025-06-17	Sq.Ft
57	Head Room	250000.00	10	125.00	2000.00		2025-06-17	Sq.Ft
58	SUMP	51000.00	10	3000.00	17.00		2025-06-17	Litter
59	Septic Tank	119000.00	10	7000.00	17.00		2025-06-17	Sq.Ft
60	Set Back ( Tile Finish)	118750.00	10	475.00	250.00		2025-06-17	Sq.Ft
61	GROUND FLOOR ROOF HEIGHT	93000.00	10	2325.00	40.00		2025-06-17	Sq.Ft
62	Basement 1ft height	100000.00	10	1.00	100000.00		2025-06-17	L.S
63	MATERIAL ESCALATION	210000.00	10	1.00	210000.00		2025-06-17	L.S
64	DISCOUNT	-58750.00	10	-1.00	58750.00		2025-06-17	L.S
65	Brick escalation	22360.00	10	8600.00	2.60		2025-06-23	Nos
74	Pile escalation	262507.00	11	1.00	262507.00		2025-06-25	L.S
75	Ground Floor	1752000.00	12	800.00	2190.00		2025-06-29	Sq.ft
67	Ground Floor	1939300.00	11	902.00	2150.00		2025-06-25	Sq.Ft
68	First Floor	854700.00	11	407.00	2100.00		2025-06-25	Sq.Ft
69	Brick compound	63000.00	11	30.00	2100.00		2025-06-25	RFT
70	Readymade Compound	43200.00	11	480.00	90.00		2025-06-25	Sq.Ft
76	First Floor	1680000.00	12	800.00	2100.00		2025-06-29	Sq.ft
77	Staircase	315000.00	12	150.00	2100.00		2025-06-29	Sq.ft
78	Ground Floor	2860000.00	13	1300.00	2200.00		2025-07-09	Sq.Ft
79	Ground Floor	2467500.00	14	1175.00	2100.00		2025-07-09	Sq.ft
80	Compound	414000.00	14	180.00	2300.00		2025-07-09	RFT
81	Set Back ( Cement Finish)	206250.00	14	825.00	250.00		2025-07-09	SQ.FT
82	BASEMENT 2FT HEIGHT	188000.00	14	1175.00	160.00		2025-07-09	SQ.FT
84	STRUCTURE ESCALATION for footing	250000.00	14	1.00	250000.00		2025-07-09	L.S
85	HEAD ROOM (SHEAD ROOF)	200000.00	14	1.00	200000.00		2025-07-09	L.S
86	Compound 2ft height	72000.00	14	180.00	400.00		2025-07-09	RFT
83	MATERIAL ESCALATION	58750.00	14	1175.00	50.00		2025-07-09	sq.ft
87	Ground Floor	2823100.00	15	1295.00	2180.00		2025-07-09	Sq.Ft
88	First Floor	2693600.00	15	1295.00	2080.00		2025-07-09	Sq.Ft
89	Head Room	306800.00	15	147.50	2080.00		2025-07-09	Sq.Ft
90	COMPOUND (including Gate)	400000.00	15	160.00	2500.00		2025-07-09	Rft
91	Set Back ( Cement Finish)	51250.00	15	205.00	250.00		2025-07-09	Sq.Ft
92	DISCOUNT	-30045.00	8	-1.00	30045.00		2025-07-09	L.S
93	Brick escalation	29016.00	10	11160.00	2.60		2025-07-10	Nos
94	Curing Dedection	-30000.00	10	-1.00	30000.00		2025-07-10	L.S
95	BUILDING COST	2728700.00	17	1300.00	2099.00		2025-07-10	SQ.FT
96	MATERIAL ESCALATION	65000.00	17	1.00	65000.00		2025-07-10	L.S
97	GROUND FLOOR	2358550.00	18	1097.00	2150.00		2025-07-10	SQ.FT
98	FIRST FLOOR	2303700.00	18	1097.00	2100.00		2025-07-10	SQ.FT
99	HEAD ROOM	248050.00	18	121.00	2050.00		2025-07-10	SQ.FT
101	SUMP	17000.00	18	1000.00	17.00		2025-07-10	LI
102	Septic Tank	35700.00	18	2100.00	17.00		2025-07-10	Litter
103	Brick Compound 6ft	242000.00	18	110.00	2200.00		2025-07-10	RFT
104	Set Back ( Cement Finish)	25750.00	18	103.00	250.00		2025-07-10	SQ.FT
105	OVER HEAD TANK	90000.00	18	3000.00	30.00		2025-07-10	Litter
106	PILE ESCALATION	344187.00	18	1.00	344187.00		2025-07-10	L.S
107	DISCOUNT	-25937.00	18	-1.00	25937.00		2025-07-10	L.S
108	PVC TANK DEDUCTION	-14000.00	18	-1.00	14000.00		2025-07-10	L.S
109	GROUND FLOOR	1926882.00	19	918.00	2099.00		2025-07-10	SQ.FT
110	FIRST FLOOR	1881900.00	19	918.00	2050.00		2025-07-10	SQ.FT
111	HEAD ROOM	288600.00	19	148.00	1950.00		2025-07-10	SQ.FT
112	BALCONY GF & FF	58800.00	19	42.00	1400.00		2025-07-10	SQ.FT
113	COMPOUND (including Gate)	66000.00	19	30.00	2200.00		2025-07-10	RFT
114	Set Back ( Cement Finish)	36300.00	19	150.00	242.00		2025-07-10	SQ.FT
115	MATERIAL ESCALATION	85000.00	19	1.00	85000.00		2025-07-10	L.S
\.


--
-- Data for Name: projects_payment; Type: TABLE DATA; Schema: public; Owner: billinguser
--

COPY public.projects_payment (id, date, amount, payment_mode, project_id) FROM stdin;
4	2025-06-05	20000	Cash	4
5	2025-06-09	50000	Cash	5
6	2025-06-09	350000	Cash	5
7	2025-06-13	1500000	Cash	6
8	2025-06-13	1000000	Cash	6
9	2025-06-13	810000	Bank Transfer	6
10	2025-06-13	50000	Bank Transfer	7
11	2025-06-13	500000	Cash	7
12	2025-06-13	450000	Bank Transfer	7
13	2025-06-13	500000	Bank Transfer	7
15	2025-06-17	625000	Cash	9
14	2025-06-17	50000	Cash	9
16	2025-06-17	105000	Bank Transfer	10
17	2025-06-17	200000	Bank Transfer	10
18	2025-06-17	300000	Bank Transfer	10
19	2025-06-17	300000	Bank Transfer	10
20	2025-06-17	100000	Bank Transfer	10
21	2025-06-17	50000	Bank Transfer	10
22	2025-06-17	350000	Bank Transfer	10
23	2025-06-17	600000	Bank Transfer	10
24	2025-06-17	100000	Bank Transfer	10
25	2025-06-17	200000	Bank Transfer	10
26	2025-06-17	200000	Bank Transfer	10
27	2025-06-23	400000	Bank Transfer	10
28	2025-06-25	50000	Cash	11
29	2025-06-25	400000	Cash	11
30	2025-06-29	50000	Bank Transfer	12
31	2025-07-09	50000	Cash	13
32	2025-07-09	50000	Cash	14
33	2025-07-09	200000	Cash	14
34	2025-07-09	800000	Cash	14
35	2025-07-09	700000	Cash	14
36	2025-07-09	400000	Cash	14
37	2025-07-09	100000	Bank Transfer	15
38	2025-07-09	50000	Bank Transfer	8
39	2025-07-09	810000	Cash	8
40	2025-07-09	500000	Bank Transfer	8
41	2025-07-10	500000	Cash	10
42	2025-07-10	50000	Cash	17
43	2025-07-10	495750	Bank Transfer	17
44	2025-07-10	272870	Bank Transfer	17
45	2025-07-10	409305	Bank Transfer	17
46	2025-07-10	50000	Bank Transfer	18
47	2025-07-10	793750	Bank Transfer	18
48	2025-07-10	30000	Bank Transfer	19
49	2025-07-10	500000	Bank Transfer	19
50	2025-07-10	321696	Bank Transfer	19
51	2025-07-10	425848	Bank Transfer	19
52	2025-07-10	500000	Bank Transfer	19
53	2025-07-10	351696	Bank Transfer	19
54	2025-07-10	500000	Bank Transfer	19
55	2025-07-12	150000	Cash	10
\.


--
-- Data for Name: projects_project; Type: TABLE DATA; Schema: public; Owner: billinguser
--

COPY public.projects_project (id, name, client_name, budget, amount_paid_in_project, estimated_cost, phone, status) FROM stdin;
12	PR-08	Mr.Vignesh	0.00	0.00	3747000.00	7200945188	Not Started
7	PR-03	Mr.Thangadurai	0.00	0.00	7927050.00	9843984383	In Progress
6	PR-02	Mr.Suresh	0.00	0.00	7927310.00	12345	In Progress
9	PR-05	Mr.Hariprasad	0.00	0.00	3378760.00	9994559771	In Progress
5	PR-01	Mrs.Saranya	0.00	0.00	3380630.00	8508164966	In Progress
13	PR-09	Mr.Prabhakaran	0.00	0.00	2860000.00	8807877385	Not Started
14	PR-10	Mr.Maruthamuthu	0.00	0.00	3856500.00	9751997321	In Progress
15	PR-11	Mr.Thirulogachandar	0.00	0.00	6274750.00	9629000726	Not Started
8	PR-04	Mr.Appadurai	0.00	0.00	3840000.00	9551296073	In Progress
16	PR-12	Mr.Surender	0.00	0.00	0.00	9597540148	Not Started
10	PR-06	Mr.Altrin	0.00	0.00	10551376.00	9677305038	In Progress
17	PR-13	Mr.Karthick	0.00	0.00	2793700.00	7502345417	In Progress
11	PR-07	Mr.Rahul	0.00	0.00	3293407.00	9342715321	On Hold
18	PR-14	MR.KARTHIKEYAN	0.00	0.00	5625000.00	9884214882	In Progress
19	PR-15	Mr.Arun	0.00	0.00	4343482.00	8344640462	In Progress
4	PR -00	vivek	0.00	0.00	2000000.00	9786224099	On Hold
\.


--
-- Data for Name: projects_siteimage; Type: TABLE DATA; Schema: public; Owner: billinguser
--

COPY public.projects_siteimage (id, image, description, project_id, uploaded_at) FROM stdin;
17	billing-site-img/surender2.jpg	Ceiling plaster work going on	16	2025-07-10 06:37:10.311281+00
16	billing-site-img/surender.jpg		16	2025-07-10 06:34:29.940729+00
18	billing-site-img/surender_2025-07-11.jpg	Ceiling and beam plaster work	16	2025-07-11 06:21:01.292408+00
21	billing-site-img/hariprasad_2025-07-11.jpg		9	2025-07-11 06:23:45.018904+00
19	billing-site-img/apadhurai1.jpg	lintel concrete	8	2025-07-11 06:22:35.229778+00
20	billing-site-img/apadurai2.jpg	lintel concrete	8	2025-07-11 06:22:46.822127+00
\.


--
-- Name: auth_group_id_seq; Type: SEQUENCE SET; Schema: public; Owner: billinguser
--

SELECT pg_catalog.setval('public.auth_group_id_seq', 1, false);


--
-- Name: auth_group_permissions_id_seq; Type: SEQUENCE SET; Schema: public; Owner: billinguser
--

SELECT pg_catalog.setval('public.auth_group_permissions_id_seq', 1, false);


--
-- Name: auth_permission_id_seq; Type: SEQUENCE SET; Schema: public; Owner: billinguser
--

SELECT pg_catalog.setval('public.auth_permission_id_seq', 48, true);


--
-- Name: auth_user_groups_id_seq; Type: SEQUENCE SET; Schema: public; Owner: billinguser
--

SELECT pg_catalog.setval('public.auth_user_groups_id_seq', 1, false);


--
-- Name: auth_user_id_seq; Type: SEQUENCE SET; Schema: public; Owner: billinguser
--

SELECT pg_catalog.setval('public.auth_user_id_seq', 1, true);


--
-- Name: auth_user_user_permissions_id_seq; Type: SEQUENCE SET; Schema: public; Owner: billinguser
--

SELECT pg_catalog.setval('public.auth_user_user_permissions_id_seq', 1, false);


--
-- Name: django_admin_log_id_seq; Type: SEQUENCE SET; Schema: public; Owner: billinguser
--

SELECT pg_catalog.setval('public.django_admin_log_id_seq', 35, true);


--
-- Name: django_content_type_id_seq; Type: SEQUENCE SET; Schema: public; Owner: billinguser
--

SELECT pg_catalog.setval('public.django_content_type_id_seq', 12, true);


--
-- Name: django_migrations_id_seq; Type: SEQUENCE SET; Schema: public; Owner: billinguser
--

SELECT pg_catalog.setval('public.django_migrations_id_seq', 50, true);


--
-- Name: projects_customproject_id_seq; Type: SEQUENCE SET; Schema: public; Owner: billinguser
--

SELECT pg_catalog.setval('public.projects_customproject_id_seq', 1, false);


--
-- Name: projects_dailyexpense_id_seq; Type: SEQUENCE SET; Schema: public; Owner: billinguser
--

SELECT pg_catalog.setval('public.projects_dailyexpense_id_seq', 1, false);


--
-- Name: projects_expense_id_seq; Type: SEQUENCE SET; Schema: public; Owner: billinguser
--

SELECT pg_catalog.setval('public.projects_expense_id_seq', 115, true);


--
-- Name: projects_payment_id_seq; Type: SEQUENCE SET; Schema: public; Owner: billinguser
--

SELECT pg_catalog.setval('public.projects_payment_id_seq', 55, true);


--
-- Name: projects_project_id_seq; Type: SEQUENCE SET; Schema: public; Owner: billinguser
--

SELECT pg_catalog.setval('public.projects_project_id_seq', 19, true);


--
-- Name: projects_siteimage_id_seq; Type: SEQUENCE SET; Schema: public; Owner: billinguser
--

SELECT pg_catalog.setval('public.projects_siteimage_id_seq', 21, true);


--
-- Name: auth_group auth_group_name_key; Type: CONSTRAINT; Schema: public; Owner: billinguser
--

ALTER TABLE ONLY public.auth_group
    ADD CONSTRAINT auth_group_name_key UNIQUE (name);


--
-- Name: auth_group_permissions auth_group_permissions_group_id_permission_id_0cd325b0_uniq; Type: CONSTRAINT; Schema: public; Owner: billinguser
--

ALTER TABLE ONLY public.auth_group_permissions
    ADD CONSTRAINT auth_group_permissions_group_id_permission_id_0cd325b0_uniq UNIQUE (group_id, permission_id);


--
-- Name: auth_group_permissions auth_group_permissions_pkey; Type: CONSTRAINT; Schema: public; Owner: billinguser
--

ALTER TABLE ONLY public.auth_group_permissions
    ADD CONSTRAINT auth_group_permissions_pkey PRIMARY KEY (id);


--
-- Name: auth_group auth_group_pkey; Type: CONSTRAINT; Schema: public; Owner: billinguser
--

ALTER TABLE ONLY public.auth_group
    ADD CONSTRAINT auth_group_pkey PRIMARY KEY (id);


--
-- Name: auth_permission auth_permission_content_type_id_codename_01ab375a_uniq; Type: CONSTRAINT; Schema: public; Owner: billinguser
--

ALTER TABLE ONLY public.auth_permission
    ADD CONSTRAINT auth_permission_content_type_id_codename_01ab375a_uniq UNIQUE (content_type_id, codename);


--
-- Name: auth_permission auth_permission_pkey; Type: CONSTRAINT; Schema: public; Owner: billinguser
--

ALTER TABLE ONLY public.auth_permission
    ADD CONSTRAINT auth_permission_pkey PRIMARY KEY (id);


--
-- Name: auth_user_groups auth_user_groups_pkey; Type: CONSTRAINT; Schema: public; Owner: billinguser
--

ALTER TABLE ONLY public.auth_user_groups
    ADD CONSTRAINT auth_user_groups_pkey PRIMARY KEY (id);


--
-- Name: auth_user_groups auth_user_groups_user_id_group_id_94350c0c_uniq; Type: CONSTRAINT; Schema: public; Owner: billinguser
--

ALTER TABLE ONLY public.auth_user_groups
    ADD CONSTRAINT auth_user_groups_user_id_group_id_94350c0c_uniq UNIQUE (user_id, group_id);


--
-- Name: auth_user auth_user_pkey; Type: CONSTRAINT; Schema: public; Owner: billinguser
--

ALTER TABLE ONLY public.auth_user
    ADD CONSTRAINT auth_user_pkey PRIMARY KEY (id);


--
-- Name: auth_user_user_permissions auth_user_user_permissions_pkey; Type: CONSTRAINT; Schema: public; Owner: billinguser
--

ALTER TABLE ONLY public.auth_user_user_permissions
    ADD CONSTRAINT auth_user_user_permissions_pkey PRIMARY KEY (id);


--
-- Name: auth_user_user_permissions auth_user_user_permissions_user_id_permission_id_14a6b632_uniq; Type: CONSTRAINT; Schema: public; Owner: billinguser
--

ALTER TABLE ONLY public.auth_user_user_permissions
    ADD CONSTRAINT auth_user_user_permissions_user_id_permission_id_14a6b632_uniq UNIQUE (user_id, permission_id);


--
-- Name: auth_user auth_user_username_key; Type: CONSTRAINT; Schema: public; Owner: billinguser
--

ALTER TABLE ONLY public.auth_user
    ADD CONSTRAINT auth_user_username_key UNIQUE (username);


--
-- Name: django_admin_log django_admin_log_pkey; Type: CONSTRAINT; Schema: public; Owner: billinguser
--

ALTER TABLE ONLY public.django_admin_log
    ADD CONSTRAINT django_admin_log_pkey PRIMARY KEY (id);


--
-- Name: django_content_type django_content_type_app_label_model_76bd3d3b_uniq; Type: CONSTRAINT; Schema: public; Owner: billinguser
--

ALTER TABLE ONLY public.django_content_type
    ADD CONSTRAINT django_content_type_app_label_model_76bd3d3b_uniq UNIQUE (app_label, model);


--
-- Name: django_content_type django_content_type_pkey; Type: CONSTRAINT; Schema: public; Owner: billinguser
--

ALTER TABLE ONLY public.django_content_type
    ADD CONSTRAINT django_content_type_pkey PRIMARY KEY (id);


--
-- Name: django_migrations django_migrations_pkey; Type: CONSTRAINT; Schema: public; Owner: billinguser
--

ALTER TABLE ONLY public.django_migrations
    ADD CONSTRAINT django_migrations_pkey PRIMARY KEY (id);


--
-- Name: django_session django_session_pkey; Type: CONSTRAINT; Schema: public; Owner: billinguser
--

ALTER TABLE ONLY public.django_session
    ADD CONSTRAINT django_session_pkey PRIMARY KEY (session_key);


--
-- Name: projects_customproject projects_customproject_pkey; Type: CONSTRAINT; Schema: public; Owner: billinguser
--

ALTER TABLE ONLY public.projects_customproject
    ADD CONSTRAINT projects_customproject_pkey PRIMARY KEY (id);


--
-- Name: projects_dailyexpense projects_dailyexpense_pkey; Type: CONSTRAINT; Schema: public; Owner: billinguser
--

ALTER TABLE ONLY public.projects_dailyexpense
    ADD CONSTRAINT projects_dailyexpense_pkey PRIMARY KEY (id);


--
-- Name: projects_expense projects_expense_pkey; Type: CONSTRAINT; Schema: public; Owner: billinguser
--

ALTER TABLE ONLY public.projects_expense
    ADD CONSTRAINT projects_expense_pkey PRIMARY KEY (id);


--
-- Name: projects_payment projects_payment_pkey; Type: CONSTRAINT; Schema: public; Owner: billinguser
--

ALTER TABLE ONLY public.projects_payment
    ADD CONSTRAINT projects_payment_pkey PRIMARY KEY (id);


--
-- Name: projects_project projects_project_phone_key; Type: CONSTRAINT; Schema: public; Owner: billinguser
--

ALTER TABLE ONLY public.projects_project
    ADD CONSTRAINT projects_project_phone_key UNIQUE (phone);


--
-- Name: projects_project projects_project_pkey; Type: CONSTRAINT; Schema: public; Owner: billinguser
--

ALTER TABLE ONLY public.projects_project
    ADD CONSTRAINT projects_project_pkey PRIMARY KEY (id);


--
-- Name: projects_siteimage projects_siteimage_pkey; Type: CONSTRAINT; Schema: public; Owner: billinguser
--

ALTER TABLE ONLY public.projects_siteimage
    ADD CONSTRAINT projects_siteimage_pkey PRIMARY KEY (id);


--
-- Name: auth_group_name_a6ea08ec_like; Type: INDEX; Schema: public; Owner: billinguser
--

CREATE INDEX auth_group_name_a6ea08ec_like ON public.auth_group USING btree (name varchar_pattern_ops);


--
-- Name: auth_group_permissions_group_id_b120cbf9; Type: INDEX; Schema: public; Owner: billinguser
--

CREATE INDEX auth_group_permissions_group_id_b120cbf9 ON public.auth_group_permissions USING btree (group_id);


--
-- Name: auth_group_permissions_permission_id_84c5c92e; Type: INDEX; Schema: public; Owner: billinguser
--

CREATE INDEX auth_group_permissions_permission_id_84c5c92e ON public.auth_group_permissions USING btree (permission_id);


--
-- Name: auth_permission_content_type_id_2f476e4b; Type: INDEX; Schema: public; Owner: billinguser
--

CREATE INDEX auth_permission_content_type_id_2f476e4b ON public.auth_permission USING btree (content_type_id);


--
-- Name: auth_user_groups_group_id_97559544; Type: INDEX; Schema: public; Owner: billinguser
--

CREATE INDEX auth_user_groups_group_id_97559544 ON public.auth_user_groups USING btree (group_id);


--
-- Name: auth_user_groups_user_id_6a12ed8b; Type: INDEX; Schema: public; Owner: billinguser
--

CREATE INDEX auth_user_groups_user_id_6a12ed8b ON public.auth_user_groups USING btree (user_id);


--
-- Name: auth_user_user_permissions_permission_id_1fbb5f2c; Type: INDEX; Schema: public; Owner: billinguser
--

CREATE INDEX auth_user_user_permissions_permission_id_1fbb5f2c ON public.auth_user_user_permissions USING btree (permission_id);


--
-- Name: auth_user_user_permissions_user_id_a95ead1b; Type: INDEX; Schema: public; Owner: billinguser
--

CREATE INDEX auth_user_user_permissions_user_id_a95ead1b ON public.auth_user_user_permissions USING btree (user_id);


--
-- Name: auth_user_username_6821ab7c_like; Type: INDEX; Schema: public; Owner: billinguser
--

CREATE INDEX auth_user_username_6821ab7c_like ON public.auth_user USING btree (username varchar_pattern_ops);


--
-- Name: django_admin_log_content_type_id_c4bce8eb; Type: INDEX; Schema: public; Owner: billinguser
--

CREATE INDEX django_admin_log_content_type_id_c4bce8eb ON public.django_admin_log USING btree (content_type_id);


--
-- Name: django_admin_log_user_id_c564eba6; Type: INDEX; Schema: public; Owner: billinguser
--

CREATE INDEX django_admin_log_user_id_c564eba6 ON public.django_admin_log USING btree (user_id);


--
-- Name: django_session_expire_date_a5c62663; Type: INDEX; Schema: public; Owner: billinguser
--

CREATE INDEX django_session_expire_date_a5c62663 ON public.django_session USING btree (expire_date);


--
-- Name: django_session_session_key_c0390e0f_like; Type: INDEX; Schema: public; Owner: billinguser
--

CREATE INDEX django_session_session_key_c0390e0f_like ON public.django_session USING btree (session_key varchar_pattern_ops);


--
-- Name: projects_dailyexpense_project_id_a6bfa5ae; Type: INDEX; Schema: public; Owner: billinguser
--

CREATE INDEX projects_dailyexpense_project_id_a6bfa5ae ON public.projects_dailyexpense USING btree (project_id);


--
-- Name: projects_expense_project_id_b695d028; Type: INDEX; Schema: public; Owner: billinguser
--

CREATE INDEX projects_expense_project_id_b695d028 ON public.projects_expense USING btree (project_id);


--
-- Name: projects_payment_project_id_a9f99fe7; Type: INDEX; Schema: public; Owner: billinguser
--

CREATE INDEX projects_payment_project_id_a9f99fe7 ON public.projects_payment USING btree (project_id);


--
-- Name: projects_project_phone_ca38bba8_like; Type: INDEX; Schema: public; Owner: billinguser
--

CREATE INDEX projects_project_phone_ca38bba8_like ON public.projects_project USING btree (phone varchar_pattern_ops);


--
-- Name: projects_siteimage_project_id_9329e6cb; Type: INDEX; Schema: public; Owner: billinguser
--

CREATE INDEX projects_siteimage_project_id_9329e6cb ON public.projects_siteimage USING btree (project_id);


--
-- Name: auth_group_permissions auth_group_permissio_permission_id_84c5c92e_fk_auth_perm; Type: FK CONSTRAINT; Schema: public; Owner: billinguser
--

ALTER TABLE ONLY public.auth_group_permissions
    ADD CONSTRAINT auth_group_permissio_permission_id_84c5c92e_fk_auth_perm FOREIGN KEY (permission_id) REFERENCES public.auth_permission(id) DEFERRABLE INITIALLY DEFERRED;


--
-- Name: auth_group_permissions auth_group_permissions_group_id_b120cbf9_fk_auth_group_id; Type: FK CONSTRAINT; Schema: public; Owner: billinguser
--

ALTER TABLE ONLY public.auth_group_permissions
    ADD CONSTRAINT auth_group_permissions_group_id_b120cbf9_fk_auth_group_id FOREIGN KEY (group_id) REFERENCES public.auth_group(id) DEFERRABLE INITIALLY DEFERRED;


--
-- Name: auth_permission auth_permission_content_type_id_2f476e4b_fk_django_co; Type: FK CONSTRAINT; Schema: public; Owner: billinguser
--

ALTER TABLE ONLY public.auth_permission
    ADD CONSTRAINT auth_permission_content_type_id_2f476e4b_fk_django_co FOREIGN KEY (content_type_id) REFERENCES public.django_content_type(id) DEFERRABLE INITIALLY DEFERRED;


--
-- Name: auth_user_groups auth_user_groups_group_id_97559544_fk_auth_group_id; Type: FK CONSTRAINT; Schema: public; Owner: billinguser
--

ALTER TABLE ONLY public.auth_user_groups
    ADD CONSTRAINT auth_user_groups_group_id_97559544_fk_auth_group_id FOREIGN KEY (group_id) REFERENCES public.auth_group(id) DEFERRABLE INITIALLY DEFERRED;


--
-- Name: auth_user_groups auth_user_groups_user_id_6a12ed8b_fk_auth_user_id; Type: FK CONSTRAINT; Schema: public; Owner: billinguser
--

ALTER TABLE ONLY public.auth_user_groups
    ADD CONSTRAINT auth_user_groups_user_id_6a12ed8b_fk_auth_user_id FOREIGN KEY (user_id) REFERENCES public.auth_user(id) DEFERRABLE INITIALLY DEFERRED;


--
-- Name: auth_user_user_permissions auth_user_user_permi_permission_id_1fbb5f2c_fk_auth_perm; Type: FK CONSTRAINT; Schema: public; Owner: billinguser
--

ALTER TABLE ONLY public.auth_user_user_permissions
    ADD CONSTRAINT auth_user_user_permi_permission_id_1fbb5f2c_fk_auth_perm FOREIGN KEY (permission_id) REFERENCES public.auth_permission(id) DEFERRABLE INITIALLY DEFERRED;


--
-- Name: auth_user_user_permissions auth_user_user_permissions_user_id_a95ead1b_fk_auth_user_id; Type: FK CONSTRAINT; Schema: public; Owner: billinguser
--

ALTER TABLE ONLY public.auth_user_user_permissions
    ADD CONSTRAINT auth_user_user_permissions_user_id_a95ead1b_fk_auth_user_id FOREIGN KEY (user_id) REFERENCES public.auth_user(id) DEFERRABLE INITIALLY DEFERRED;


--
-- Name: django_admin_log django_admin_log_content_type_id_c4bce8eb_fk_django_co; Type: FK CONSTRAINT; Schema: public; Owner: billinguser
--

ALTER TABLE ONLY public.django_admin_log
    ADD CONSTRAINT django_admin_log_content_type_id_c4bce8eb_fk_django_co FOREIGN KEY (content_type_id) REFERENCES public.django_content_type(id) DEFERRABLE INITIALLY DEFERRED;


--
-- Name: django_admin_log django_admin_log_user_id_c564eba6_fk_auth_user_id; Type: FK CONSTRAINT; Schema: public; Owner: billinguser
--

ALTER TABLE ONLY public.django_admin_log
    ADD CONSTRAINT django_admin_log_user_id_c564eba6_fk_auth_user_id FOREIGN KEY (user_id) REFERENCES public.auth_user(id) DEFERRABLE INITIALLY DEFERRED;


--
-- Name: projects_dailyexpense projects_dailyexpens_project_id_a6bfa5ae_fk_projects_; Type: FK CONSTRAINT; Schema: public; Owner: billinguser
--

ALTER TABLE ONLY public.projects_dailyexpense
    ADD CONSTRAINT projects_dailyexpens_project_id_a6bfa5ae_fk_projects_ FOREIGN KEY (project_id) REFERENCES public.projects_project(id) DEFERRABLE INITIALLY DEFERRED;


--
-- Name: projects_expense projects_expense_project_id_b695d028_fk_projects_project_id; Type: FK CONSTRAINT; Schema: public; Owner: billinguser
--

ALTER TABLE ONLY public.projects_expense
    ADD CONSTRAINT projects_expense_project_id_b695d028_fk_projects_project_id FOREIGN KEY (project_id) REFERENCES public.projects_project(id) DEFERRABLE INITIALLY DEFERRED;


--
-- Name: projects_payment projects_payment_project_id_a9f99fe7_fk_projects_project_id; Type: FK CONSTRAINT; Schema: public; Owner: billinguser
--

ALTER TABLE ONLY public.projects_payment
    ADD CONSTRAINT projects_payment_project_id_a9f99fe7_fk_projects_project_id FOREIGN KEY (project_id) REFERENCES public.projects_project(id) DEFERRABLE INITIALLY DEFERRED;


--
-- Name: projects_siteimage projects_siteimage_project_id_9329e6cb_fk_projects_project_id; Type: FK CONSTRAINT; Schema: public; Owner: billinguser
--

ALTER TABLE ONLY public.projects_siteimage
    ADD CONSTRAINT projects_siteimage_project_id_9329e6cb_fk_projects_project_id FOREIGN KEY (project_id) REFERENCES public.projects_project(id) DEFERRABLE INITIALLY DEFERRED;


--
-- Name: SCHEMA public; Type: ACL; Schema: -; Owner: postgres
--

REVOKE USAGE ON SCHEMA public FROM PUBLIC;
GRANT ALL ON SCHEMA public TO PUBLIC;


--
-- PostgreSQL database dump complete
--

